sample,barcode,lane,total_reads_per_lane
MGY10,CAATCTATGA.GATTAAGGTG,1,103246
MGY5,AGACACATTA.GTAAGGCATA,1,33474
MGY6,AGCACATCCT.TTACAATTCC,1,85040
MGY7,CGCCTTCTGA.GGCCATCATA,1,76568
MGY8,ATACCAACGC.ACATACTTCC,1,61096
MGY9,CTGGATATGT.TATGTGCAAT,1,90760
NGN0187,CGCTCAGTTC.TCGTGGAGCG,1,66732
NGN0188,TATCTGACCT.CTACAAGATA,1,75386
NGN0189,ATATGAGACG.TATAGTAGCT,1,40764
NGN0190,CTTATGGAAT.TGCCTGGTGG,1,67526
NGN0191,TAATCTCGTC.ACATTATCCT,1,70602
NGN0192,GCGCGATGTT.GTCCACTTGT,1,63112
NGN0193,AGAGCACTAG.TGGAACAGTA,1,61744
NGN0194,TGCCTTGATC.CCTTGTTAAT,1,60634
NGN0195,CTACTCAGTC.GTTGATAGTG,1,55890
NGN0196,TCGTCTGACT.ACCAGCGACA,1,66322
NGN0197,GAACATACGG.CATACACTGT,1,57978
NGN0198,CCTATGACTC.GTGTGGCGCT,1,65516
NGN0199,TAATGGCAAG.ATCACGAAGG,1,66878
NGN0200,GTGCCGCTTC.CGGCTCTACT,1,60492
NGN0201,CGGCAATGGA.GAATGCACGA,1,58516
NGN0202,GCCGTAACCG.AAGACTATAG,1,72750
NGN0203,AACCATTCTC.TCGGCAGCAA,1,60236
NGN0204,GGTTGCCTCT.CTAATGATGG,1,53636
NGN0205,CTAATGATGG.GGTTGCCTCT,1,49572
NGN0206,TCGGCCTATC.CGCACATGGC,1,50984
NGN0207,AGTCAACCAT.GGCCTGTCCT,1,51382
NGN0208,GAGCGCAATA.CTGTGTTAGG,1,45256
NGN0209,AACAAGGCGT.TAAGGAACGT,1,54416
NGN0210,GTATGTAGAA.CTAACTGTAA,1,72636
NGN0211,TTCTATGGTT.GGCGAGATGG,1,52828
NGN0212,CCTCGCAACC.AATAGAGCAA,1,76892
NGN0213,TGGATGCTTA.TCAATCCATT,1,51674
NGN0214,ATGTCGTGGT.TCGTATGCGG,1,61496
NGN0215,AGAGTGCGGC.TCCGACCTCG,1,59204
NGN0216,TGCCTGGTGG.CTTATGGAAT,1,53734
NGN0217,TGCGTGTCAC.GCTTACGGAC,1,50824
NGN0218,CATACACTGT.GAACATACGG,1,60160
NGN0219,CGTATAATCA.GTCGATTACA,1,62642
NGN0220,TACGCGGCTG.ACTAGCCGTG,1,53526
NGN0221,GCGAGTTACC.AAGTTGGTGA,1,55430
NGN0222,TACGGCCGGT.TGGCAATATT,1,59464
NGN0223,GTCGATTACA.GATCACCGCG,1,32
NGN0224,CTGTCTGCAC.TACCATCCGT,1,5350
NGN0225,CAGCCGATTG.GCTGTAGGAA,1,49006
NGN0226,TGACTACATA.CGCACTAATG,1,60104
NGN0227,ATTGCCGAGT.GACAACTGAA,1,66512
NGN0228,GCCATTAGAC.AGTGGTCAGG,1,63094
NGN0229,GGCGAGATGG.TTCTATGGTT,1,50274
NGN0230,TGGCTCGCAG.AATCCGGCCA,1,62342
NGN0231,TAGAATAACG.CCATAAGGTT,1,37202
NGN0232,TAATGGATCT.ATCTCTACCA,1,57712
NGN0233,TATCCAGGAC.CGGTGGCGAA,1,58956
NGN0234,AGTGCCACTG.TAACAATAGG,1,60700
NGN0235,GTGCAACACT.CTGGTACACG,1,62582
NGN0236,ACATGGTGTC.TCAACGTGTA,1,50898
NGN0237,GACAGACAGG.ACTGTTGTGA,1,50354
NGN0238,TCTTACATCA.GTGCGTCCTT,1,78576
NGN0239,TTACAATTCC.AGCACATCCT,1,70980
NGN0240,AAGCTTATGC.TTCCGTCGCA,1,86286
NGN0241,TATTCCTCAG.CTTAACCACT,1,534838
NGN0242,CTCGTGCGTT.GCCTCGGATA,1,72628
NGN0243,TTAGGATAGA.CGTCGACTGG,1,77938
NGN0244,CCGAAGCGAG.TACTAGTCAA,1,61472
NGN0245,GGACCAACAG.ATAGACCGTT,1,68042
NGN0246,TTCCAGGTAA.ACAGTTCCAG,1,82334
NGN0247,TGATTAGCCA.AGGCATGTAG,1,62892
NGN0248,TAACAGTGTT.GCAAGTCTCA,1,61308
NGN0249,ACCGCGCAAT.TTGGCTCCGC,1,66670
NGN0250,GTTCGCGCCA.AACTGATACT,1,76986
NGN0251,GCGTTGGTAT.AATTGCTGCG,1,76550
NGN0252,TTGTTCCGTG.AACCTAGCAC,1,74878
NGN0253,AAGTACTCCA.TCTGTGTGGA,1,58494
NGN0254,ACGTCAATAC.GGAATTCCAA,1,75258
NGN0255,GGTGTACAAG.AAGCGCGCTT,1,79552
NGN0256,CCACCTGTGT.TGAGCGTTGT,1,71062
NGN0257,GTTCCGCAGG.ATCATAGGCT,1,37596
NGN0258,ACCTTATGAA.TGTTAGAAGG,1,78874
NGN0259,CGCTGCAGAG.GATGGATGTA,1,63732
NGN0260,GTAGAGTCAG.ACGGCCGTCA,1,74982
NGN0261,GGATACCAGA.CGTTGCTTAC,1,70904
NGN0262,CGCACTAATG.TGACTACATA,1,77202
NGN0263,TCCTGACCGT.CGGCCTCGTT,1,78320
NGN0264,CTGGCTTGCC.CAAGCATCCG,1,71056
NGN0265,ACCAGCGACA.TCGTCTGACT,1,74968
NGN0266,TTGTAACGGT.CTCATAGCGA,1,98844
NGN0267,GTAAGGCATA.AGACACATTA,1,74962
NGN0268,GTCCACTTGT.GCGCGATGTT,1,72292
NGN0269,TTAGGTACCA.CATGAGTACT,1,55322
NGN0270,GGAATTCCAA.ACGTCAATAC,1,53896
NGN0271,CATGTAGAGG.GATACCTCCT,1,74772
NGN0272,TACACGCTCC.ATCCGTAAGT,1,70202
NGN0273,GCTTACGGAC.CGTGTATCTT,1,61814
NGN0274,CGCTTGAAGT.GAACCATGAA,1,73674
NGN0275,GGTGGAATAC.ATGTAGACAA,1,52876
NGN0276,TGGACGGAGG.CACATCGGTG,1,51586
