Hash,Sequence
083ef9cac7e07a5c98655661755f9f0669445641,GAAAAGATGTTGATATAGGATTGGGTCTCCACCTCCTGCAGGGTCAAAGAATGTTGTGTTCAGGTTTCGGTCTGTTAGAAGTATCGTAATGCCAGCTGCTAAGACTGGTAGTGAAAGGAGAAGGAGGACTGCTGTAATTATTACGGATCAAACGAACAGTGGTGTTTGATATTGAGACAGGGCTGGTGGTTTTATATTAATAATGGTGGTAATGAAGTTAATAGCCCCTAGGATGGATGATACGCCCGCTAGGTGGAGAGAGAAGATAGCTAAATCTACAGAAGCTCCAGCGTGAGCTAGGTTTCCGGCTAAT
1aa1d1fee7be2102b7d1f91a7e250c5d372020c5,AGATTCCAGGTTATATGTTGCTATTAGCCCACCAGAAAAAGCCTGAGATGCCAGAGTCCTGGGACACAAGCCCATGGAAGCTCAGGACTTGAAACTTAGTGAGACTAATGCTATTTGGGAACTAAATGAAGCTGTGAACCTTACCTCCCATTCCTCCCCAGAGGGTGAGAATTATGCCTTCCAGATACTAAGGAGGAAAGTTTACATGTTTATTCTTGTTATACCTTTGAAATAAATATCCCCTTGTAAAAGCTAATCTGACTTAAATTGTTCAATGACA
4335291cf0c0b3e10d880b366ce122093daff674,GAAAAGATGTTGATATAGGATTGGGTCTCCACCTCCTGCAGGGTCAAAGAATGTTGTGTTCAGGTTTCGGTCTGTTAGAAGTATTGTAATGCCAGCTGCTAAGACTGGTAGTGAAAGGAGAAGGAGGACTGCTGTAATTATTACGGATCAAACGAACAGTGGTGTTTGATATTGAGACAGGGCTGGTGGTTTTATATTAATAATGGTGGTAATGAAGTTAATAGCCCCTAGGATGGATGATACGCCCGCTAGGTGGAGAGAGAAGATAGCTAAATCTGCAGAAGCTCCAGCGTGAGCTAGGTTTCCGGCTAAT
4bc00f90aae3bb894864f75099d54b50180e852e,GAAGAGATGTTGATATAGGATTGGGTCCCCGCCTCCGGCAGGATCGAAAAATGTTGTGTTCAGGTTTCGGTCTGTTAGAAGCATTGTGATGCCAGCTGCTAAGACTGGCAGTGATAGGAGAAGAAGGACTGCTGTAATTATTACGGATCAAACGAATAGTGGGGTTTGGTACTGAGATAAGGCTGGGGGTTTCATATTGATAATTGTGGTGATGAAATTAATTGCCCCTAGAATGGATGACACACCTGCTAGGTGGAGGGAGAAGATAGCTAAATCTACAGAAGCCCCAGCATGGGCTAGATTTCCGGCTAAT
59584eca89bfa69f2873f5a8211df6bf65745de2,GAAGAGATGTTGATATAGGATTGGGTCCCCGCCTCCGGCAGGATCGAAAAATGTTGTATTCAGGTTTCGGTCTGTTAGAAGCATTGTGATGCCAGCTGCTAAGACTGGCAGTGATAGGAGAAGAAGGACTGCTGTAATTATTACGGATCAAACGAATAGTGGGGTTTGGTACTGAGATAAGGCTGGGGGTTTCATATTGATAATTGTGGTGATGAAATTAATTGCCCCTAGAATGGATGACACACCTGCTAGGTGGAGGGAGAAGATAGCTAAATCTACAGAAGCCCCAGCATGGGCTAGATTTCCGGCTAAT
5cf67e9e2fb9f585e4006466e1162a617d019d68,GAAAAGATGTTGGTATAGGATTGGGTCTCCACCTCCGGCAGGGTCAAAGAATGTTGTGTTCAGGTTTCGGTCTGTTAGAAGTATTGTAATGCCAGCTGCTAAGACTGGTAGTGAAAGGAGAAGGAGAACTGCTGTAATTATTACGGATCAAACGAACAGTGGTGTTTGATATTGAGACAGGGCTGGTGGTTTTATATTAATAATAGTAGTAATGAAGTTGATAGCCCCTAGGATGGATGACACGCCCGCTAGGTGGAGAGAGAAGATAGCTAAATCTACAGAAGCTCCAGCGTGGGCTAGGTTTCCGGCTAAT
5f00e5f5d07317468078c0d291108be72d3f81ac,GAAAAGATGTTGATATAGGATTGGGTCTCCACCTCCTGCAGGGTCAAAGAATGTTGTGTTCAGGTTTCGGTCTGTTAGAAGTATTGTAATGCCAGCTGCTAAGACTGGTAGTGAAAGGAGAAGGAGGACTGCTGTAATTATTACGGATCAAACGAAAAGTGGTGTTTGATATTGAGACAGGGCTGGTGGTTTTATATTAATAATGGTGGTAATGAAGTTAATAGCCCCTAGGATGGATGATACGCCCGCTAGGTGGAGAGAGAAGATAGCTAAATCTACAGAAGCTCCAGCGTGAGCTAGGTTTCCGGCTAAT
6230472e39f99ed0d0c0805df9e5167b8014711e,GAAAAGATGTTGATATAGGATTGGGTCTCCACCTCCTGCAGGGTCAAAGAATGTTGTATTCAGGTTTCGGTCTGTTAGAAGTATTGTAATGCCAGCTGCTAAGACTGGTAGTGAAAGGAGAAGGAGGACTGCTGTAATTATTACGGATCAAACGAACAGTGGTGTTTGATATTGAGACAGGGCTGGTGGTTTTATATTAATAATGGTGGTAATGAAGTTAATAGCCCCTAGGATGGATGATACGCCCGCTAGGTGGAGAGAGAAGATAGCTAAATCTACAGAAGCTCCAGCGTGAGCTAGGTTTCCGGCTAAT
6d70ed7bfa7ae471fd3d4c5d916f8944a92a15fc,GAAAAGATGTTGATATAGGATTGGGTCTCCACCTCCTGCAGGGTCAAAGAATGTTGTGTTCAGGTTTCGGTCTGTTAGAAGTATTGTAATGCCAGCTGCTAAGACTGGTAGTGAAAGGAGAAGGAGGACTGCTGTAATTATTACGGATCAAACAAACAGTGGTGTTTGATATTGAGACAGGGCTGGTGGTTTTATATTAATAATGGTGGTAATGAAGTTAATAGCCCCTAGGATGGATGATACGCCCGCTAGGTGGAGAGAGAAGATAGCTAAATCTACAGAAGCTCCAGCGTGAGCTAGGTTTCCGGCTAAT
ae19f28783af549407d99d0fbce660b10480a0ca,GAAGAGATGTTGATATAGGATTGGGTCCCCGCCTCCGGCAGGATCGAAAAATGTTGTATTCAGGTTTCGGTCTGTTAGAAGCATTGTGACGCCAGCTGCTAAGACTGGCAGTGATAGGAGAAGAAGGACTGCTGTAATTATTACGGATCAAACGAATAGTGGGGTTTGGTACTGAGATAAGGCTGGGGGTTTCATATTGATAATTGTGGTGATGAAATTAATTGCCCCTAGAATGGATGACACACCTGCTAGGTGGAGGGAGAAGATAGCTAAATCTACAGAAGCCCCAGCATGGGCTAGATTTCCGGCTAAT
b36a8c7bc5e5ddd669073cfc76a10ab1786ee318,GAAAAGATGTTGATATAGGATTGGGTCTCCACCTCCTGCAGGGTCAAAGAATGTTGTGTTCAGGTTTCGGTCTGTTAGAAGTATTGTAATGCCAGCTGCTAAGACTGGTAGTGAAAGGAGAAGGAGGACTGCTGTAATTATTACGGATCAAACGAACAGTGGTGTTTGATATTGAGACAGGGCTGGTGGTTTTATATTAATAATGGTGGTAATGAAGTTAATAGCCCCTAGGATGGATGATACGCCCGCTAGGTGGAGAGAGAAGATAGCTAAATCTACAGAAGCTCCAGCGTGAGCTAGGTTTCCGGCTAAT
cfcb2bcbdfa6cabccd338361a0f11ef7c5937498,GAAAAGATGTTGATATAGGATTGGGTCTCCACCTCCTGCAGGGTCAAAGAATGTTGTGTTCAGGTTTCGGTCTGTTAGAAGTATTGTAATGCCAGCTGCTAAGACTGGTAGTGAAAGGAGAAGGAGGACTGCTGTAATTATTACGGATCAAACGAACAGTGGTGCTTGATATTGAGACAGGGCTGGTGGTTTTATATTAATAATGGTGGTAATGAAGTTAATAGCCCCTAGGATGGATGATACGCCCGCTAGGTGGAGAGAGAAGATAGCTAAATCTACAGAAGCTCCAGCGTGAGCTAGGTTTCCGGCTAAT
d38c180c57be5e418f5a6c67c7260e7554a1efe8,GAAAAGATGTTGATATAGGATTGGGTCTCCACCTCATGCAGGGTCAAAGAATGTTGTGTTCAGGTTTCGGTCTGTTAGAAGTATTGTAATGCCAGCTGCTAAGACTGGTAGTGAAAGGAGAAGGAGGACTGCTGTAATTATTACGGATCAAACGAACAGTGGTGTTTGATATTGAGACAGGGCTGGTGGTTTTATATTAATAATGGTGGTAATGAAGTTAATAGCCCCTAGGATGGATGATACGCCCGCTAGGTGGAGAGAGAAGATAGCTAAATCTACAGAAGCTCCAGCGTGAGCTAGGTTTCCGGCTAAT
e06030b98287216c702e56497f60e4d9bf4b3c49,GAAAAGATGTTGATATAGGATTGGGTCTCCACCTCCTGCAGGGTCAAAGAATGTTGTGTTCAGGTTTCGGTCTGTTAGAAGTATTGTAATGCCAGCTGCTAAGACTGGTAGTGAAAGGAGAAGGAGGACTGCTGTAATTATTACGGATCAAACGAACAGTGGTGTTTGATATTGAGACAGGGCTGGTGGTTTTATATTAATAATGGTGGTAATGAAGTTAATAGCCCCTAGGATGGATGATACGCCCGCTAGGTGGAGAGAGAAGATAGCTAAATCTACAGAAGCTCCAGCGTGAGCTAGGTTTCCGGCTAAC
feab1ca23dab4cc0c1d6deeab8f2ea5f5732eebf,GAAAAGATGTTGATATAGGATTGGGTCTCCACCTCCTGCAGGGTCAAAGAATGTTGGGTTCAGGTTTCGGTCTGTTAGAAGTATTGTAATGCCAGCTGCTAAGACTGGTAGTGAAAGGAGAAGGAGGACTGCTGTAATTATTACGGATCAAACGAACAGTGGTGTTTGATATTGAGACAGGGCTGGTGGTTTTATATTAATAATGGTGGTAATGAAGTTAATAGCCCCTAGGATGGATGATACGCCCGCTAGGTGGAGAGAGAAGATAGCTAAATCTACAGAAGCTCCAGCGTGAGCTAGGTTTCCGGCTAAT
