"","hash.id","tmp"
"Metazoa__Chordata__Actinopteri__Salmoniformes__Salmonidae__Oncorhynchus__Oncorhynchus clarkii__Seq_001","fd7d89190e5c165cf36284ea0fca46c98216328c","Seq_001"
"Metazoa__Chordata__Mammalia__Primates__Hominidae__Homo__Homo sapiens__Seq_002","d6f69979e2e7c50e468fdb7a4ad00eb8296b8bf9","Seq_002"
"Metazoa__NA__NA__NA__NA__NA__NA__Seq_003","580a64b0134da56e49bf06482ed6ee164d8a6ec5","Seq_003"
"Metazoa__Chordata__Mammalia__Didelphimorphia__Didelphidae__Didelphis__Didelphis virginiana__Seq_004","8519a7f742cabfdb887dc2013feba40c4584b8db","Seq_004"
"Metazoa__NA__NA__NA__NA__NA__NA__Seq_005","76918abfaa90d218d683fdbc4f8024dd430d7d91","Seq_005"
"Metazoa__Chordata__Mammalia__Rodentia__NA__NA__NA__Seq_006","c161735732d10ef81323d9b5812491897d2eb5ab","Seq_006"
"Metazoa__Chordata__Hyperoartia__Petromyzontiformes__Petromyzontidae__Lampetra__Lampetra sp. CBM:ZF:17561__Seq_007","a2f2121e42c56aa5bd2b1fca2bd1b29869d2400a","Seq_007"
"Metazoa__Chordata__Mammalia__Primates__Hominidae__Homo__Homo sapiens__Seq_008","9bb9b0ca0ff04246c282a4ecaa318c8af7a948bb","Seq_008"
"NA__NA__NA__NA__NA__NA__NA__Seq_009","8ec931f8723a382855753cbfb8c92bd75cf323a8","Seq_009"
"Metazoa__Chordata__Mammalia__NA__NA__NA__NA__Seq_010","ddf5d8f01c176ab003be35dd8935dab512bf36c1","Seq_010"
"NA__NA__NA__NA__NA__NA__NA__Seq_011","02087cc593f40be8e3f3405e26b791009dca5131","Seq_011"
"Metazoa__Chordata__Actinopteri__Salmoniformes__Salmonidae__NA__NA__Seq_012","dac66c6958eb6715abd0243ec2f5592da97cb1f5","Seq_012"
"NA__NA__NA__NA__NA__NA__NA__Seq_013","b788eca460686de3f92b46d93b89eb571cd06bed","Seq_013"
"NA__NA__NA__NA__NA__NA__NA__Seq_014","1817c9310d0145992696f8490f9c0dea4501cf52","Seq_014"
"Metazoa__Chordata__Mammalia__Rodentia__Cricetidae__NA__NA__Seq_015","2888591f23daf76ef3ae53a7d4bd6ffe13361bb8","Seq_015"
"Metazoa__Chordata__Mammalia__Primates__Hominidae__Homo__Homo sapiens__Seq_016","01719166d24c6b718d79036a279a11fa88f786c7","Seq_016"
"NA__NA__NA__NA__NA__NA__NA__Seq_017","de153c34b212edc93e83a42901b4b97d6e887c7f","Seq_017"
"Metazoa__Chordata__Mammalia__Primates__Hominidae__Homo__Homo sapiens__Seq_018","88868f145c43408aa6c27982badd3cf6c7435c45","Seq_018"
"Metazoa__Chordata__Aves__Passeriformes__NA__NA__NA__Seq_019","d84391b013a0c0b0f0e588766fb6a2f47f8bc81c","Seq_019"
"NA__NA__NA__NA__NA__NA__NA__Seq_020","f536d06c01845ccab42b872aac3cb3788e538310","Seq_020"
"Metazoa__Chordata__Mammalia__Rodentia__Cricetidae__NA__NA__Seq_021","d071447bb8ca2177c49e93535e90db16ffe738c3","Seq_021"
"Metazoa__Chordata__Mammalia__Primates__Hominidae__Homo__Homo sapiens__Seq_022","2a57b50fb2af64df3bf7b78d13ef04e7215a04d1","Seq_022"
"NA__NA__NA__NA__NA__NA__NA__Seq_023","a1ecb2c70bef54058868d81e8f8b510a48061c41","Seq_023"
"NA__NA__NA__NA__NA__NA__NA__Seq_024","78398923c6c69e284597e3ceadb582b981ec0b7f","Seq_024"
"NA__NA__NA__NA__NA__NA__NA__Seq_025","073c967cd39a8b457613613952b6fd61c50bb9fe","Seq_025"
"NA__NA__NA__NA__NA__NA__NA__Seq_026","726a680652aa1353b47b8f932cc6deeee094a1a3","Seq_026"
"NA__NA__NA__NA__NA__NA__NA__Seq_027","ca63ff4e2cee66494b9478cebbac6c57b26d6542","Seq_027"
"NA__NA__NA__NA__NA__NA__NA__Seq_028","96cf57acc04a8266cc4efbcd460bd10e19a849a7","Seq_028"
"NA__NA__NA__NA__NA__NA__NA__Seq_029","d5702888de20d9944cfa565cfcb59e12c7e484c3","Seq_029"
"Metazoa__NA__NA__NA__NA__NA__NA__Seq_030","68555c3d5ffd7dbdae3901cba5230626de7bf52f","Seq_030"
"Metazoa__Chordata__Mammalia__Rodentia__Cricetidae__NA__NA__Seq_031","c49a8f7144e51f8a0d46c19d4c50ac4e41772a40","Seq_031"
"NA__NA__NA__NA__NA__NA__NA__Seq_032","3bfe37b2d08e19d218e68af2ea6db303e0e82fea","Seq_032"
"NA__NA__NA__NA__NA__NA__NA__Seq_033","1e08dd663cd11070046f2732dce934e356a6adec","Seq_033"
"NA__NA__NA__NA__NA__NA__NA__Seq_034","7b0e28ba575b918bd4b81d7664d45482e69c6885","Seq_034"
"NA__NA__NA__NA__NA__NA__NA__Seq_035","65d1dd8204186cabd1e4900895b216e9fa9b298f","Seq_035"
"NA__NA__NA__NA__NA__NA__NA__Seq_036","63283ebd575153d54e2bc0a92a096c3cae26a821","Seq_036"
"NA__NA__NA__NA__NA__NA__NA__Seq_037","f2bc4405f2b55f7fbfb31331eb5215075f0ace3d","Seq_037"
"Metazoa__Chordata__Mammalia__NA__NA__NA__NA__Seq_038","e49f29f531772e66d7044da181264083c6e69d6d","Seq_038"
"NA__NA__NA__NA__NA__NA__NA__Seq_039","201a50d0321078c342d8241e038cb52a5024648b","Seq_039"
"NA__NA__NA__NA__NA__NA__NA__Seq_040","4b8f6db311b209add62ecfbf4cc6c3ccf77fa2ac","Seq_040"
"NA__NA__NA__NA__NA__NA__NA__Seq_041","1bc8043475830035690ccfa348a5211efe62d455","Seq_041"
"NA__NA__NA__NA__NA__NA__NA__Seq_042","2af6cc91d461aa39cf144790a9f455c858f9ad59","Seq_042"
"NA__NA__NA__NA__NA__NA__NA__Seq_043","e6ea34e12b7e7caa8fca58267d03f1d863c90f47","Seq_043"
"NA__NA__NA__NA__NA__NA__NA__Seq_044","e75001e59ac3db07faf31aa6111d02c659feefee","Seq_044"
"NA__NA__NA__NA__NA__NA__NA__Seq_045","0fd88ed0f362ce21c787f53ea20c305c312f4cbe","Seq_045"
"Metazoa__Chordata__Mammalia__NA__NA__NA__NA__Seq_046","6f4156f2f388b3f8332e1dea570a1d21f65fd375","Seq_046"
"NA__NA__NA__NA__NA__NA__NA__Seq_047","2c1c57944213e7c6e54d18bf3dea2650368be356","Seq_047"
"NA__NA__NA__NA__NA__NA__NA__Seq_048","165eacabd78cfa8cb413f3e5347be257c188ef0f","Seq_048"
"NA__NA__NA__NA__NA__NA__NA__Seq_049","d4a55837cbd48549a4a486d0a0519d9f7e7b1f4b","Seq_049"
"NA__NA__NA__NA__NA__NA__NA__Seq_050","7b3a8505bf87d76a5e780c01a13933971ea4e08e","Seq_050"
"NA__NA__NA__NA__NA__NA__NA__Seq_051","2131add89961c8e367c820ac888a11bffc946021","Seq_051"
"NA__NA__NA__NA__NA__NA__NA__Seq_052","dac64f3751bbb06d5d6a54ea7dba6b4a59a9132e","Seq_052"
"NA__NA__NA__NA__NA__NA__NA__Seq_053","d44d7a15b11a51088c779358b4976e4531e445b2","Seq_053"
"NA__NA__NA__NA__NA__NA__NA__Seq_054","65466d28dfea99ee542cc246e082d6e169fdcef9","Seq_054"
"NA__NA__NA__NA__NA__NA__NA__Seq_055","523cc12d56dd0f6b0bfaa05723a90d5675cad80e","Seq_055"
"NA__NA__NA__NA__NA__NA__NA__Seq_056","fa7d355effc1ed4c73ca4d73efedcfb2aa611732","Seq_056"
"NA__NA__NA__NA__NA__NA__NA__Seq_057","3e458f195ace9a3150addf5aa5991ab22510a2f8","Seq_057"
"NA__NA__NA__NA__NA__NA__NA__Seq_058","321f171a647ff222013fb561559e2994055f55b5","Seq_058"
"NA__NA__NA__NA__NA__NA__NA__Seq_059","bdda101f2e296f8d76fd632943e3099a9a500b0b","Seq_059"
"NA__NA__NA__NA__NA__NA__NA__Seq_060","c7ee6f8707a892e327488afa30432f9024e7af79","Seq_060"
"NA__NA__NA__NA__NA__NA__NA__Seq_061","067cdea2c028149f9a55545563b61611506533fa","Seq_061"
"NA__NA__NA__NA__NA__NA__NA__Seq_062","bc63baf0999374f0dd14d3de3fba479eea84607a","Seq_062"
"NA__NA__NA__NA__NA__NA__NA__Seq_063","466e729a3c1a26eb2d7f8d651d1a995297390299","Seq_063"
"NA__NA__NA__NA__NA__NA__NA__Seq_064","1e68b68361306fc68547497e304876c04d16a77f","Seq_064"
"NA__NA__NA__NA__NA__NA__NA__Seq_065","4e5b4874b13620a7e5adb35049e8eb24b23ed2af","Seq_065"
"NA__NA__NA__NA__NA__NA__NA__Seq_066","4478b66c21b9808c2e2d68300d93f5f3ebb77ae6","Seq_066"
"Metazoa__Chordata__Actinopteri__Salmoniformes__Salmonidae__Oncorhynchus__Oncorhynchus kisutch__Seq_067","02e4a86c119ca4b65e5b616135fa996aa2eb4372","Seq_067"
"Metazoa__Chordata__Actinopteri__Salmoniformes__Salmonidae__Oncorhynchus__Oncorhynchus mykiss__Seq_068","a56843c86d60d4423f69f4836868d31ea7eadf22","Seq_068"
"Metazoa__Chordata__Actinopteri__Perciformes__Cottidae__Cottus__NA__Seq_069","49b916c007d3dbb75da7ceb655dd8cefb4e15ac4","Seq_069"
"Metazoa__Chordata__Mammalia__Carnivora__Canidae__Canis__NA__Seq_070","5dbce0075732b37e517721c275ba3c2e14e50196","Seq_070"
"Metazoa__Chordata__Aves__Passeriformes__Passerellidae__Melospiza__Melospiza melodia__Seq_071","d375db6821a4402acdeffb3d216d4abdc355cd48","Seq_071"
"Metazoa__Chordata__Mammalia__Rodentia__Sciuridae__NA__NA__Seq_072","63a7d0273f9bdd41fc062c411d5c529730a67ff1","Seq_072"
"Metazoa__Chordata__Aves__Anseriformes__Anatidae__NA__NA__Seq_073","ca4009e9f4961a466d717e77ddddcf64a374073d","Seq_073"
"NA__NA__NA__NA__NA__NA__NA__Seq_074","406aec86258ef8821827fb46e2447a9aa2885cec","Seq_074"
"Metazoa__Chordata__Mammalia__NA__NA__NA__NA__Seq_075","358d0def35bc8bcf2711011fb63f7fc511496cc5","Seq_075"
"NA__NA__NA__NA__NA__NA__NA__Seq_076","b2adee11d0798c70d512e9c4a4ec72cf72fdab7a","Seq_076"
"Metazoa__Chordata__Mammalia__Carnivora__Canidae__Canis__Canis lupus__Seq_077","cf62a26ab8c1b5312a68133cb90988e0b24ee387","Seq_077"
"NA__NA__NA__NA__NA__NA__NA__Seq_078","09c6e1785ec090a52b290777a5058509454bf61f","Seq_078"
"Metazoa__Chordata__NA__NA__NA__NA__NA__Seq_079","71af3877e5027588b85b33c8f9610503cdf2af74","Seq_079"
"Metazoa__Chordata__Mammalia__Primates__Hominidae__Homo__Homo sapiens__Seq_080","47d90263f660c4c07ecb6131960515a746a8abef","Seq_080"
"Metazoa__Chordata__Mammalia__Rodentia__Muridae__Rattus__NA__Seq_081","deaadc11b0189c975741718d011ab0f6897f6066","Seq_081"
"Metazoa__Chordata__Mammalia__Carnivora__Canidae__Canis__Canis lupus__Seq_082","b245de1ca82ac7a2ac8703dd5bab5342d28bd4ab","Seq_082"
"Metazoa__Chordata__Amphibia__Caudata__Ambystomatidae__Ambystoma__NA__Seq_083","4be671e1ce0da6b1505cf3f3cbe98a49c6d2d7ff","Seq_083"
"NA__NA__NA__NA__NA__NA__NA__Seq_084","f07a41cd8cd299a928be8310d7366816f181212a","Seq_084"
"NA__NA__NA__NA__NA__NA__NA__Seq_085","3fb271469c16a0263ae285a8bd995cb5cdf82390","Seq_085"
"Metazoa__Chordata__NA__NA__NA__NA__NA__Seq_086","ed947cab6e7ec1c1e6f04bf5c2581f1d73292a07","Seq_086"
"NA__NA__NA__NA__NA__NA__NA__Seq_087","319199a59bd238b27cc8cd21c11d24f242baf997","Seq_087"
"Metazoa__Chordata__Mammalia__Carnivora__Canidae__Canis__NA__Seq_088","aa1a9c561aff3aedb076e617010399e8178046a1","Seq_088"
"Metazoa__Chordata__Mammalia__Carnivora__Canidae__Canis__NA__Seq_089","6f8881a957d250fa5317484de99986d421535178","Seq_089"
"NA__NA__NA__NA__NA__NA__NA__Seq_090","1f8fa7a739b2feec0bf88389ac754704abb95a12","Seq_090"
"Metazoa__Chordata__Mammalia__Carnivora__Canidae__Canis__NA__Seq_091","0502a89869e20d6586b3ccd464f94e1feaec8da0","Seq_091"
"Metazoa__Chordata__Aves__Anseriformes__Anatidae__NA__NA__Seq_092","f22f946bfb36bec4651a7c53b06a54c54c649c6c","Seq_092"
"NA__NA__NA__NA__NA__NA__NA__Seq_093","4c1872d1ac139e0a63b98a082ba3fb5b5a32d176","Seq_093"
"NA__NA__NA__NA__NA__NA__NA__Seq_094","cf912d914ced8c34abc72934154c4eae820ed994","Seq_094"
"NA__NA__NA__NA__NA__NA__NA__Seq_095","102fba8ef6395bfb379e3c7e37d4b4237e0c13cb","Seq_095"
"NA__NA__NA__NA__NA__NA__NA__Seq_096","e3d2fad9cee615d4db845a1afc12aac186f8e80e","Seq_096"
"NA__NA__NA__NA__NA__NA__NA__Seq_097","b58a8117cebc4ac1d13b2565d220ec567da630cc","Seq_097"
"Metazoa__Chordata__Aves__Passeriformes__NA__NA__NA__Seq_098","35e334311044348b8d39fb275ce94e11c2cf361d","Seq_098"
"NA__NA__NA__NA__NA__NA__NA__Seq_099","4f7db3fc5dddfed4f868a1fc7634062695acc4e6","Seq_099"
"NA__NA__NA__NA__NA__NA__NA__Seq_100","37ba4974636e6ddae67b7fdea8cebb76044c4502","Seq_100"
"NA__NA__NA__NA__NA__NA__NA__Seq_101","1cf91047f54fa2344310c5294100ad718955bb2c","Seq_101"
"NA__NA__NA__NA__NA__NA__NA__Seq_102","b2aa06b5fea074d599c5d60c2c85f06368dafb28","Seq_102"
"NA__NA__NA__NA__NA__NA__NA__Seq_103","bb7d1d4e197eba54ffc4bc945e17c6e410123f0f","Seq_103"
"NA__NA__NA__NA__NA__NA__NA__Seq_104","8fb1e053d409249089cc35d10d9b2df08f4305fa","Seq_104"
"NA__NA__NA__NA__NA__NA__NA__Seq_105","98b845d24f1d3f0daf49f5f846002b622902e651","Seq_105"
"NA__NA__NA__NA__NA__NA__NA__Seq_106","94bb478e5e71ec60861e4942c3584d23b39b33e8","Seq_106"
"NA__NA__NA__NA__NA__NA__NA__Seq_107","c78e4cfc9a992bd6e39a939718d0bf9eba4df8b0","Seq_107"
"NA__NA__NA__NA__NA__NA__NA__Seq_108","957497b0bf54b5bb71aa8473d03ee42c1ed68900","Seq_108"
"NA__NA__NA__NA__NA__NA__NA__Seq_109","b836516b2278a877f47f92d4382a5e2f2a00edaa","Seq_109"
"Metazoa__Chordata__Aves__Anseriformes__Anatidae__NA__NA__Seq_110","8d4bbc6ce4b6ec02b439fdf354147ee4b4399269","Seq_110"
"NA__NA__NA__NA__NA__NA__NA__Seq_111","cc33bfdd1b58e2e89e737a905b630d7ae39af3e1","Seq_111"
"NA__NA__NA__NA__NA__NA__NA__Seq_112","fc1abc1bc3c4085731f01ac7b857bb48ab5a7ef1","Seq_112"
"Metazoa__Chordata__Actinopteri__NA__NA__NA__NA__Seq_113","fe72cd5c92fc95d33982bc5916c5d015404e2977","Seq_113"
"NA__NA__NA__NA__NA__NA__NA__Seq_114","64950190e6818617c1f9f4389e5c0b204080d3ab","Seq_114"
"NA__NA__NA__NA__NA__NA__NA__Seq_115","310f8a03764bf1885b8248b81275e406912585c8","Seq_115"
"NA__NA__NA__NA__NA__NA__NA__Seq_116","d38cdc1545a1a0ccd6206e6e9877b801b2865732","Seq_116"
"NA__NA__NA__NA__NA__NA__NA__Seq_117","b536d3e21598fd3db15e9021e6d287ea702b5640","Seq_117"
"NA__NA__NA__NA__NA__NA__NA__Seq_118","f1148c20cea8463d0aacd6c75582aecabab1c642","Seq_118"
"NA__NA__NA__NA__NA__NA__NA__Seq_119","4535ee40342fa29741a2a2fd1f9efcff9edf41ef","Seq_119"
"NA__NA__NA__NA__NA__NA__NA__Seq_120","76fa61c6943b8658ab7491f65225c9213c689406","Seq_120"
"Metazoa__Chordata__Mammalia__Carnivora__Felidae__Lynx__Lynx rufus__Seq_121","8ade38d6c1396cc32395e6773d53ae373734314c","Seq_121"
"Metazoa__Chordata__Mammalia__Artiodactyla__Cervidae__NA__NA__Seq_122","f5eff4f6cfa27ce87100f93e7674f050a7e2fdbd","Seq_122"
"Metazoa__Chordata__Mammalia__Carnivora__Felidae__NA__NA__Seq_123","a509e6c3a18d5d776a8b71fd331a0f72d5fc18ca","Seq_123"
"Metazoa__NA__NA__NA__NA__NA__NA__Seq_124","858f4c2c3cd20bd167f1e495bfdc88b71aa217a9","Seq_124"
"Metazoa__Chordata__Mammalia__Carnivora__NA__NA__NA__Seq_125","80b48122ec86fc0054f144d85fb5151350ec9dcd","Seq_125"
"Metazoa__NA__NA__NA__NA__NA__NA__Seq_126","3efaf9264c622aa69a6e16b9ae54878453da0357","Seq_126"
"Metazoa__Chordata__Mammalia__Carnivora__NA__NA__NA__Seq_127","83c42f6788444d029728771c178933a1212c25d8","Seq_127"
"Metazoa__NA__NA__NA__NA__NA__NA__Seq_128","a6d4e9f15b1e754c9c11ec8edee164e5eb0c343e","Seq_128"
"Metazoa__Chordata__Actinopteri__Perciformes__Percidae__Perca__Perca flavescens__Seq_129","e330f6d1a7768b21c34c1d9d6814f5b48c87b05a","Seq_129"
"Metazoa__Chordata__Mammalia__Rodentia__Cricetidae__NA__NA__Seq_130","f5b5aded2ca74ffb7f6b02448ffa90a36de662df","Seq_130"
"Metazoa__Chordata__Actinopteri__Salmoniformes__Salmonidae__Oncorhynchus__Oncorhynchus mykiss__Seq_131","de42666eb0e70e73c99b1061e5e4bfe4477204b5","Seq_131"
"NA__NA__NA__NA__NA__NA__NA__Seq_132","629aa86f569921707980e85a596cb12105791f75","Seq_132"
"NA__NA__NA__NA__NA__NA__NA__Seq_133","419df96acea16e56d68cfa453e77987304ce4695","Seq_133"
"NA__NA__NA__NA__NA__NA__NA__Seq_134","8ed6e061a113f0a3323ef17b1c1e2f2fb575a043","Seq_134"
"Metazoa__Chordata__Aves__Anseriformes__Anatidae__NA__NA__Seq_135","70a3e53e3e2c41bc4c57cbd79f14cc0d9c515f5c","Seq_135"
"Metazoa__Chordata__Aves__Passeriformes__Corvidae__NA__NA__Seq_136","139ff38d8eb60547dba8a13573cc4d1939382544","Seq_136"
"NA__NA__NA__NA__NA__NA__NA__Seq_137","b38245c0437c8dcd9f9333e4c4ab99a83aa8787a","Seq_137"
"NA__NA__NA__NA__NA__NA__NA__Seq_138","aeef90d9e99a45da1b57e61c1977a4566c19da06","Seq_138"
"NA__NA__NA__NA__NA__NA__NA__Seq_139","89a0a88ed54b9c8eccf0263419d2fb7e5f48dd88","Seq_139"
"NA__NA__NA__NA__NA__NA__NA__Seq_140","2fbcfe74a90096027997db4758117099a2c13cb8","Seq_140"
"Metazoa__Chordata__Aves__Anseriformes__Anatidae__NA__NA__Seq_141","c6e82808a88952d18f734d433ed33bce9aed4920","Seq_141"
"NA__NA__NA__NA__NA__NA__NA__Seq_142","f6fc19c127061219afeb8d02d4c983f61e387982","Seq_142"
"NA__NA__NA__NA__NA__NA__NA__Seq_143","8f90335084467c8c8bf662de1e70d054e0439671","Seq_143"
"NA__NA__NA__NA__NA__NA__NA__Seq_144","bc1b5d70e47b326b18a4d07c3aba7a82f53d6303","Seq_144"
"NA__NA__NA__NA__NA__NA__NA__Seq_145","9d8e2aad3b679722a4fedce005c2f55b810c3610","Seq_145"
"Metazoa__Chordata__Actinopteri__Perciformes__Cottidae__NA__NA__Seq_146","3342529986f8f5933a533bf1f2e975e9b677cb7b","Seq_146"
"NA__NA__NA__NA__NA__NA__NA__Seq_147","65f6e204e30982d55209e5e4291814ec311b470a","Seq_147"
"NA__NA__NA__NA__NA__NA__NA__Seq_148","04bfcf88f74ad1215e62dd59f87069ae41589f35","Seq_148"
"NA__NA__NA__NA__NA__NA__NA__Seq_149","34226b185eee7705ae792bd04e753076d58c2d64","Seq_149"
"NA__NA__NA__NA__NA__NA__NA__Seq_150","32881090bb3aabe783c24490b7011e5f05592108","Seq_150"
"Metazoa__Chordata__Aves__Anseriformes__Anatidae__NA__NA__Seq_151","24ce776b69c914f87600634ba6268479f370dc38","Seq_151"
"NA__NA__NA__NA__NA__NA__NA__Seq_152","0ba30327d55b234c0e177c91c41cba4ed45fd14e","Seq_152"
"Metazoa__Chordata__Mammalia__Rodentia__Sciuridae__NA__NA__Seq_153","c504c0e46cc73088d60a8306ac6b7247528b132b","Seq_153"
"NA__NA__NA__NA__NA__NA__NA__Seq_154","62d779f77dd9a6c80b357b722c604387baa8533c","Seq_154"
"NA__NA__NA__NA__NA__NA__NA__Seq_155","ba53600f3ad463671553c38e8c8ad2ca05187967","Seq_155"
"NA__NA__NA__NA__NA__NA__NA__Seq_156","9da453630c74e798223aa9fe61bc15e8fb0a3518","Seq_156"
"Metazoa__Chordata__Aves__Anseriformes__Anatidae__NA__NA__Seq_157","f40d338cb15a9b60552e1c3a92342fcef1f3a904","Seq_157"
"NA__NA__NA__NA__NA__NA__NA__Seq_158","253146501d8d0b1b07582c66e8f29c68173c5005","Seq_158"
"NA__NA__NA__NA__NA__NA__NA__Seq_159","6584397abbb1a719da61222a58dbf154c541f9b7","Seq_159"
"Metazoa__Chordata__Mammalia__Rodentia__Cricetidae__NA__NA__Seq_160","dd63054ec92248f49fb84b490c0647a7b5b814cd","Seq_160"
"NA__NA__NA__NA__NA__NA__NA__Seq_161","1fb1dbfc2986e50b5e3ae3e8ffe3aa14817badeb","Seq_161"
"NA__NA__NA__NA__NA__NA__NA__Seq_162","b364c7fd1693e7e6dc1dba719834cc39a537b2dc","Seq_162"
"NA__NA__NA__NA__NA__NA__NA__Seq_163","ccf032b931135ad144e382d2ece47a7006885187","Seq_163"
"NA__NA__NA__NA__NA__NA__NA__Seq_164","18b2479fd6956f60e739d14aa63c492b529e0102","Seq_164"
"NA__NA__NA__NA__NA__NA__NA__Seq_165","272a5f58261ced4115595269d144ed9a8b99d089","Seq_165"
"NA__NA__NA__NA__NA__NA__NA__Seq_166","fb21ef523541766b42bb7da452fbaa29cd82693f","Seq_166"
"NA__NA__NA__NA__NA__NA__NA__Seq_167","d79a10156a924230bc88c58044b180a779e9b0b6","Seq_167"
"NA__NA__NA__NA__NA__NA__NA__Seq_168","97cadc3478f8d71cdfbb867157a2da029a50d9bc","Seq_168"
"NA__NA__NA__NA__NA__NA__NA__Seq_169","6369565f70fbde6e3967a9b1934b890b67e09590","Seq_169"
"NA__NA__NA__NA__NA__NA__NA__Seq_170","d6364e0727a9f2f4d4b98301648b5a01145f0457","Seq_170"
"NA__NA__NA__NA__NA__NA__NA__Seq_171","1128791f77b5a2aad7718d88c8a4c0f4895c24e8","Seq_171"
"NA__NA__NA__NA__NA__NA__NA__Seq_172","56da0e4226e6baa58dce860456739ad8928b4a9e","Seq_172"
"Metazoa__Chordata__Aves__Passeriformes__NA__NA__NA__Seq_173","b81faad3bc3b3eb23d5e36b76cdfbb36fe04ccd2","Seq_173"
"NA__NA__NA__NA__NA__NA__NA__Seq_174","279945f2a1292a80d8c5a56edf6411b88fbb5aec","Seq_174"
"NA__NA__NA__NA__NA__NA__NA__Seq_175","f3c7ba67d11f99a5b46c7a027e5a9097e12dcbc6","Seq_175"
"NA__NA__NA__NA__NA__NA__NA__Seq_176","71018bad57e94a0f7c692fe51eabdeafdbff11e7","Seq_176"
"NA__NA__NA__NA__NA__NA__NA__Seq_177","622478f9e7ff5761c5cd5cea26e8e12eb7b53220","Seq_177"
"NA__NA__NA__NA__NA__NA__NA__Seq_178","a3f7f1a03c83c834c8f91c87e34feafe531993bb","Seq_178"
"NA__NA__NA__NA__NA__NA__NA__Seq_179","046f77f53c48916223b596858cfbbbeeb21f14a8","Seq_179"
"NA__NA__NA__NA__NA__NA__NA__Seq_180","34dd599612ce5435fdec7e682d4dd41ef2d69090","Seq_180"
"NA__NA__NA__NA__NA__NA__NA__Seq_181","13a82acd807823d01f54afd0c8374254abb46a15","Seq_181"
"NA__NA__NA__NA__NA__NA__NA__Seq_182","a584675156ac1c300e9bf4376fd0f969c73fe7b4","Seq_182"
"NA__NA__NA__NA__NA__NA__NA__Seq_183","fdbf4bad9b9a5b4c8f6c1ad7dc4623a7475780e8","Seq_183"
"NA__NA__NA__NA__NA__NA__NA__Seq_184","e7bff0894b43a498cab6d1e74f6bd5b1d2260c67","Seq_184"
"NA__NA__NA__NA__NA__NA__NA__Seq_185","be56ab038991b53c3745e808d8db708eccec4b09","Seq_185"
"NA__NA__NA__NA__NA__NA__NA__Seq_186","151592e39d113c86fe5c6a2cb1a705062518d0f3","Seq_186"
"NA__NA__NA__NA__NA__NA__NA__Seq_187","4f8c032d0044170d870557744bdf85d65d667a4c","Seq_187"
"NA__NA__NA__NA__NA__NA__NA__Seq_188","68d0a64c4ed698d83790ccbe6f117dea953986cc","Seq_188"
"NA__NA__NA__NA__NA__NA__NA__Seq_189","ed65d91b25a8f76b716d4a8bbd53411a900ce33c","Seq_189"
"Metazoa__Chordata__Mammalia__NA__NA__NA__NA__Seq_190","30742d31b3cc7a387b96133d0998ecee07c83597","Seq_190"
"Metazoa__Chordata__Actinopteri__Cypriniformes__Leuciscidae__Pimephales__Pimephales promelas__Seq_191","cb0cf229832374ff8f4ce89c20348a90da9c04e1","Seq_191"
"Metazoa__NA__NA__NA__NA__NA__NA__Seq_192","c6d586dc78d8ef5cac238cba2d5714407775bd69","Seq_192"
"Metazoa__Chordata__Amphibia__Caudata__Ambystomatidae__Ambystoma__NA__Seq_193","31f58f5089fdc196a53e11198d538061dd41bb97","Seq_193"
"Metazoa__Chordata__Mammalia__Lagomorpha__Leporidae__Sylvilagus__NA__Seq_194","5c024b1d5c5f25af45599d69bd92b8837b2ba62f","Seq_194"
"Metazoa__Chordata__Actinopteri__Cypriniformes__Leuciscidae__Pimephales__Pimephales promelas__Seq_195","814bd62cd7f0891ddea80fac0be25f86af95d790","Seq_195"
"Metazoa__Chordata__Mammalia__Carnivora__Canidae__Canis__NA__Seq_196","1d2afe6b4c6cfb903dbf4f9909690cdcbebeff16","Seq_196"
"Metazoa__Chordata__Actinopteri__Cypriniformes__Leuciscidae__NA__NA__Seq_197","7ed525639c40b9418b4743e59f833fa5b3bdf355","Seq_197"
"Metazoa__Chordata__Mammalia__NA__NA__NA__NA__Seq_198","922459c4f0ee9c073a69b57c95394a67c8edd86a","Seq_198"
"Metazoa__Chordata__Mammalia__NA__NA__NA__NA__Seq_199","e72055022b8149f013d288146db1df79fcbb8f7b","Seq_199"
"NA__NA__NA__NA__NA__NA__NA__Seq_200","7bceed69cf8e3e337cb5b0a95398b8344480d173","Seq_200"
"NA__NA__NA__NA__NA__NA__NA__Seq_201","a0df92ba8fcf86dd46527db2f8fa4222363c652d","Seq_201"
"NA__NA__NA__NA__NA__NA__NA__Seq_202","cb6b01d2b9daf06763a1582e9d0b69ad1c841303","Seq_202"
"Metazoa__Chordata__Amphibia__Caudata__Ambystomatidae__Ambystoma__NA__Seq_203","0af50c9e935876232e242db91bb835235691bf3a","Seq_203"
"Metazoa__Chordata__Aves__Pelecaniformes__Ardeidae__NA__NA__Seq_204","6f93809b6bc63b61b0d350733addd08a6ab86f2e","Seq_204"
"Metazoa__Chordata__Mammalia__Eulipotyphla__Soricidae__NA__NA__Seq_205","e38e779b032805db5aa7de7dc90149d3fce72e79","Seq_205"
"NA__NA__NA__NA__NA__NA__NA__Seq_206","034f1f4036528fdcf0a844ef062241ae38d7ea91","Seq_206"
"NA__NA__NA__NA__NA__NA__NA__Seq_207","1b32665206884b748852de897ade6982e7c848fa","Seq_207"
"Metazoa__Chordata__Aves__Anseriformes__Anatidae__Branta__Branta canadensis__Seq_208","34b95af64697c2feb0ab121d484733666197ae1f","Seq_208"
"Metazoa__Chordata__Aves__Anseriformes__Anatidae__Cygnus__NA__Seq_209","8005d06b5717f047aac5d6ee7238b50bd1f9a895","Seq_209"
"Metazoa__NA__NA__NA__NA__NA__NA__Seq_210","0ef847ecc2c0f9b9bc623b156a2a005c9bbd006d","Seq_210"
"Metazoa__Chordata__Aves__Anseriformes__Anatidae__NA__NA__Seq_211","1c750e6acf7f257b38dd658fb72d1db65d5ad259","Seq_211"
"NA__NA__NA__NA__NA__NA__NA__Seq_212","c06e820430e5ed594438b9900e98eb8a0119ba48","Seq_212"
"Metazoa__Chordata__Aves__Anseriformes__Anatidae__NA__NA__Seq_213","b48513522bc5b6665df2930ce8c58f0e5207c198","Seq_213"
"NA__NA__NA__NA__NA__NA__NA__Seq_214","01db0ea7719719ff0ea477cf77d2cfc937f41fb0","Seq_214"
"Metazoa__Chordata__Mammalia__Rodentia__Muridae__Rattus__NA__Seq_215","e3bb86462242cc75b2d9159e96f588a2ca09a5d3","Seq_215"
"Metazoa__Chordata__Mammalia__NA__NA__NA__NA__Seq_216","e3326d78fc42729ea464440aa62ec3ce02bd2829","Seq_216"
"Metazoa__Chordata__Mammalia__Rodentia__Sciuridae__NA__NA__Seq_217","23c619d6fffd998ebd33fc4a32feda91287ea49e","Seq_217"
"Metazoa__Chordata__Mammalia__Rodentia__NA__NA__NA__Seq_218","2108e3ae4bfad9cc5a6d1f18dc1de351b5b7ac3f","Seq_218"
"Metazoa__Chordata__Mammalia__Carnivora__Felidae__Felis__Felis catus__Seq_219","7dae49817fac3bd37bd1ab61e10a98b36513016b","Seq_219"
"Metazoa__Chordata__Amphibia__Caudata__Ambystomatidae__Ambystoma__NA__Seq_220","7bef4439bb4a7d16aff702f6a9aed9d750e66e69","Seq_220"
"Metazoa__Chordata__Amphibia__Caudata__Ambystomatidae__Ambystoma__NA__Seq_221","d4dc0b36a2f8841e168f6a8c88532702acf1c060","Seq_221"
"Metazoa__NA__NA__NA__NA__NA__NA__Seq_222","64acd71396ce9fd7a044de196d7f1e36a58c8f32","Seq_222"
"Metazoa__Chordata__Mammalia__Rodentia__NA__NA__NA__Seq_223","5e08243add1f3244899d45e4e31cf18f8af6bd3f","Seq_223"
"Metazoa__Chordata__Amphibia__Caudata__Ambystomatidae__Ambystoma__NA__Seq_224","357ef03286e7c0238f76a0a8853e96d7fc45e7cc","Seq_224"
"Metazoa__Chordata__Mammalia__Primates__Hominidae__Homo__Homo sapiens__Seq_225","a94029641b54393c2e9ba00266a652c51d5f71c4","Seq_225"
"Metazoa__Chordata__Actinopteri__Salmoniformes__Salmonidae__NA__NA__Seq_226","e9b8e7812d929036cf68956bdc4f5f05140ef0f7","Seq_226"
"NA__NA__NA__NA__NA__NA__NA__Seq_227","9ec42ff1553f5a838f7dd546b0190ade67818768","Seq_227"
"Metazoa__Chordata__Mammalia__Carnivora__Procyonidae__Procyon__NA__Seq_228","8001433422f2dfb9b7333084b5ae4a31130f34f2","Seq_228"
"Metazoa__Chordata__Mammalia__Carnivora__Procyonidae__Procyon__Procyon lotor__Seq_229","3fa5cad0e8bd81303eed0492a7c0dd91d85747be","Seq_229"
"Metazoa__Chordata__Mammalia__Primates__Hominidae__Homo__Homo sapiens__Seq_230","e65f511d819ef32a2941c6d56d076a8616b71c25","Seq_230"
"Metazoa__Chordata__Mammalia__Eulipotyphla__Soricidae__NA__NA__Seq_231","298dae79d14c3c665b4a97bad3ba5129f4d3edf1","Seq_231"
"Metazoa__Chordata__Aves__Anseriformes__Anatidae__Aix__Aix sponsa__Seq_232","d5f832529f6b73fadb1b9087af48bf9a8dc101c8","Seq_232"
"Metazoa__Chordata__Mammalia__Didelphimorphia__Didelphidae__NA__NA__Seq_233","f47dad9cb9d3cf52c86783898d849142bca1476c","Seq_233"
"Metazoa__Chordata__NA__NA__NA__NA__NA__Seq_234","674af3b33c7bae7701e8234ea49ccd2c64e251d3","Seq_234"
"NA__NA__NA__NA__NA__NA__NA__Seq_235","ed6e1448c045fb5baaa6842d6fa9fbe45fe3925a","Seq_235"
"Metazoa__Chordata__Amphibia__Caudata__Ambystomatidae__Ambystoma__NA__Seq_236","20eea12b700ea0e1360f07a77a4aa1dec09f8ca6","Seq_236"
"Metazoa__Chordata__Mammalia__Eulipotyphla__Soricidae__NA__NA__Seq_237","c6be405669c4d4d5ae91e15576ef8906a3ca3a41","Seq_237"
"Metazoa__Chordata__Mammalia__Carnivora__Canidae__Canis__NA__Seq_238","a46b37205aeb3ba26fbc98ff780a82d1ff621a32","Seq_238"
"NA__NA__NA__NA__NA__NA__NA__Seq_239","761197e8835e25df135597700d8772972b9a6267","Seq_239"
"NA__NA__NA__NA__NA__NA__NA__Seq_240","73b1c334ae4546a412ec8456d8bff0dde18e53ec","Seq_240"
"Metazoa__Chordata__Aves__Passeriformes__Hirundinidae__Tachycineta__Tachycineta thalassina__Seq_241","c458bfbd8c0ac4b00203e7ac33d77c8141488906","Seq_241"
"NA__NA__NA__NA__NA__NA__NA__Seq_242","fe0494e3e8898491462c13d1165dd0fcce701194","Seq_242"
"Metazoa__Chordata__Mammalia__NA__NA__NA__NA__Seq_243","7eead34e363df27775f985a0cb2ce490701fcb19","Seq_243"
"Metazoa__Chordata__Mammalia__NA__NA__NA__NA__Seq_244","4bcf98976488f81fa25b3b8d4dad55d94f89da6f","Seq_244"
"Metazoa__Chordata__Mammalia__Primates__Hominidae__Homo__Homo sapiens__Seq_245","b3f3b06c53b5f4cece80b21c1edee9cc4a13b18c","Seq_245"
"Metazoa__Chordata__Mammalia__Rodentia__Sciuridae__NA__NA__Seq_246","80b393f13810fac57278c2947983d31c1972003b","Seq_246"
"NA__NA__NA__NA__NA__NA__NA__Seq_247","612427addd41cde8e23b4c40db25cde650c87d10","Seq_247"
"NA__NA__NA__NA__NA__NA__NA__Seq_248","d4c8dd9b2ab264fdd11966be9e8ea1a59c28c118","Seq_248"
"NA__NA__NA__NA__NA__NA__NA__Seq_249","e94b9b0bb6b82ad528b5214c15b4dac1a3c42629","Seq_249"
"Metazoa__Chordata__Mammalia__NA__NA__NA__NA__Seq_250","c4d89cc13a9fe24f6c0caec6b5429c33c04f471d","Seq_250"
"Metazoa__Chordata__Mammalia__Primates__Hominidae__Homo__Homo sapiens__Seq_251","d221a090530e6e99a5e014fc93afa7aea88535fe","Seq_251"
"NA__NA__NA__NA__NA__NA__NA__Seq_252","1b0897f54404096ca2ef9fdb9d7538e5177de7a3","Seq_252"
"NA__NA__NA__NA__NA__NA__NA__Seq_253","86100560b0a9a37e0132e26f1dcc1a817b285428","Seq_253"
"NA__NA__NA__NA__NA__NA__NA__Seq_254","a92c5b41e7073d0edcffa0f65ca120e92926652f","Seq_254"
"NA__NA__NA__NA__NA__NA__NA__Seq_255","560f8e2a8682aa94b0739aad3e9977d95e0bfe09","Seq_255"
"NA__NA__NA__NA__NA__NA__NA__Seq_256","01e44bd393e8c6b4dc3bc06d310d8e40371a7a63","Seq_256"
"NA__NA__NA__NA__NA__NA__NA__Seq_257","d278c1ef3b99082bbb2a8d7ca833b8cbd0c98116","Seq_257"
"NA__NA__NA__NA__NA__NA__NA__Seq_258","410faf58493c9f304668fcc452b22bce1cde8a4b","Seq_258"
"NA__NA__NA__NA__NA__NA__NA__Seq_259","5553469a0e63a44f6d4b181d9fc4ee16d87765b9","Seq_259"
"NA__NA__NA__NA__NA__NA__NA__Seq_260","4ef9f1a7c5fd4509598a75acb0e6748ed35c44c4","Seq_260"
"NA__NA__NA__NA__NA__NA__NA__Seq_261","8ad7b3ad6cac7dcf8cb45bc25832428c5b4176e8","Seq_261"
"NA__NA__NA__NA__NA__NA__NA__Seq_262","0983c487b945163068419061c665b36b2718d0f0","Seq_262"
"Metazoa__Chordata__Mammalia__NA__NA__NA__NA__Seq_263","a0de50866a09243951862dbc8ca45a4cdc3bffbd","Seq_263"
"NA__NA__NA__NA__NA__NA__NA__Seq_264","0f393c323c7d2dcd0cb68a529747e8c4abfd9509","Seq_264"
"NA__NA__NA__NA__NA__NA__NA__Seq_265","b2d7890d069f41e55fb8fbfbb07d9aaa90361748","Seq_265"
"NA__NA__NA__NA__NA__NA__NA__Seq_266","a732fef513e486a97bf66a0ed09bab07bca7e290","Seq_266"
"NA__NA__NA__NA__NA__NA__NA__Seq_267","fa0b83a35c3f124b5c355b8e20e62f3eff857cd6","Seq_267"
"Metazoa__Chordata__Mammalia__Primates__Hominidae__Homo__Homo sapiens__Seq_268","7f1d99649c0636e370401ffdfa7af2332a73f670","Seq_268"
"NA__NA__NA__NA__NA__NA__NA__Seq_269","512180f8b94b5ff7e63032f94f1b3c1b825cb3da","Seq_269"
"NA__NA__NA__NA__NA__NA__NA__Seq_270","9930877ba3e94399dfcf38c5d4ef0ebf93643342","Seq_270"
"NA__NA__NA__NA__NA__NA__NA__Seq_271","34821f34bef0e45754e300b076510329811eb0b4","Seq_271"
"NA__NA__NA__NA__NA__NA__NA__Seq_272","c51c4e8ee9da185eacdee677839a5bc352ad5ee1","Seq_272"
"NA__NA__NA__NA__NA__NA__NA__Seq_273","070c6daac7ed11f255ea2b8f6600a55c59de67ab","Seq_273"
"NA__NA__NA__NA__NA__NA__NA__Seq_274","9aff92818f2f89633b84b7ea9b74a6f8fddf05be","Seq_274"
"NA__NA__NA__NA__NA__NA__NA__Seq_275","33548c0fdb59f45a93bf048e191e726aa9fadd9b","Seq_275"
"NA__NA__NA__NA__NA__NA__NA__Seq_276","fff6ed8e8c6c080d6bc49200fc0f8090257204a4","Seq_276"
"NA__NA__NA__NA__NA__NA__NA__Seq_277","bfaa715d1f28c5a34e46f70c0b5dc03f89f401dd","Seq_277"
"NA__NA__NA__NA__NA__NA__NA__Seq_278","5dc629e55485a72eb5bf46bb6348dc9d617355f1","Seq_278"
"NA__NA__NA__NA__NA__NA__NA__Seq_279","e5d31500f5aeb4e623a744d2d381648312fa6242","Seq_279"
"NA__NA__NA__NA__NA__NA__NA__Seq_280","4369c1e243077cf604ca3e04b9c57208aa944093","Seq_280"
"NA__NA__NA__NA__NA__NA__NA__Seq_281","bc7d796779e6109dadc22ec65b2f62b119016461","Seq_281"
"NA__NA__NA__NA__NA__NA__NA__Seq_282","f50e881d7696609641469e2957bbb974b6fdf608","Seq_282"
"NA__NA__NA__NA__NA__NA__NA__Seq_283","dc56e0f6ec642300596656d49e9aad8c7842690c","Seq_283"
"NA__NA__NA__NA__NA__NA__NA__Seq_284","7484abb57b8011c75928fd3ab738c2769acde2f5","Seq_284"
"NA__NA__NA__NA__NA__NA__NA__Seq_285","bc77959e9f5ee4080335ed7909b94dbdd0b4c17d","Seq_285"
"NA__NA__NA__NA__NA__NA__NA__Seq_286","0362642617ce579f6725740c5211a9f10dbf1df3","Seq_286"
"NA__NA__NA__NA__NA__NA__NA__Seq_287","a5fb4e7c32a378776ebe6ce29bd98b18d38b2fff","Seq_287"
"NA__NA__NA__NA__NA__NA__NA__Seq_288","8cc845a3217e776e8a28e4fe3e068edfe9b2461e","Seq_288"
"NA__NA__NA__NA__NA__NA__NA__Seq_289","6b75c2280d756b1fac3549df2096bf960867539f","Seq_289"
"NA__NA__NA__NA__NA__NA__NA__Seq_290","8f014773dc78aa1419321099432af48f40e1c544","Seq_290"
"NA__NA__NA__NA__NA__NA__NA__Seq_291","970d887b72b6a456abee0e75d73b141c0267a85d","Seq_291"
"NA__NA__NA__NA__NA__NA__NA__Seq_292","b164cd179ab982d6a194dd737c150b39a9d9f9f6","Seq_292"
"NA__NA__NA__NA__NA__NA__NA__Seq_293","9af9d1c7b46b5b8b52d1297bf293c67c3b7c92be","Seq_293"
"NA__NA__NA__NA__NA__NA__NA__Seq_294","c625b8f4aaceff19fec2daf2399822efdda05e9c","Seq_294"
"NA__NA__NA__NA__NA__NA__NA__Seq_295","fd86344cde29e1ea9cde42a5d37aeab56f2e8777","Seq_295"
"NA__NA__NA__NA__NA__NA__NA__Seq_296","d8e1e7741c5b5b9b3a2cd7f822c1bb6499f3716f","Seq_296"
"NA__NA__NA__NA__NA__NA__NA__Seq_297","22f493f5893a7d0e1f1c2afe537001eeee7e8585","Seq_297"
"NA__NA__NA__NA__NA__NA__NA__Seq_298","5d6107146edb8cbc189525c5b5699b1b98eab158","Seq_298"
"NA__NA__NA__NA__NA__NA__NA__Seq_299","3a07084a6eeb1cef8f479c1fa2b7a9434d255d09","Seq_299"
"NA__NA__NA__NA__NA__NA__NA__Seq_300","0ef75d1cec7479d766d670fcda0a7cefd4ab4c0c","Seq_300"
"NA__NA__NA__NA__NA__NA__NA__Seq_301","7e68d7bc78ce894f67a1b264f7b6cc27a615caa6","Seq_301"
"NA__NA__NA__NA__NA__NA__NA__Seq_302","5d3ea310741b0b58f17400926863911d223688bc","Seq_302"
"NA__NA__NA__NA__NA__NA__NA__Seq_303","a0c97b66c81ec5bcb87748956f2235ab5bc22ebf","Seq_303"
"NA__NA__NA__NA__NA__NA__NA__Seq_304","48bf0a261632ae55cd656f644bf2fc2095b3cc20","Seq_304"
"NA__NA__NA__NA__NA__NA__NA__Seq_305","013f07bba575f1dcc8ab4ca093f0b7383e96d999","Seq_305"
"NA__NA__NA__NA__NA__NA__NA__Seq_306","d36bd3a12aafa7db907fc2bc8dfca7d195850dba","Seq_306"
"NA__NA__NA__NA__NA__NA__NA__Seq_307","c54ecc67aeebd4dca83a3a4d4297a504f9c676f1","Seq_307"
"NA__NA__NA__NA__NA__NA__NA__Seq_308","7eb9f75d6b3fd2ed6c9374f88727a8f9d85dd4f5","Seq_308"
"NA__NA__NA__NA__NA__NA__NA__Seq_309","e950fac2aa0fca94d0117aa034a91e2e9890113b","Seq_309"
"NA__NA__NA__NA__NA__NA__NA__Seq_310","5a834f566994fe05ba9c3c2fe28abbbebc2d689e","Seq_310"
"NA__NA__NA__NA__NA__NA__NA__Seq_311","e726d38a2af1b7199f7ebeee67226030b6ce74c0","Seq_311"
"NA__NA__NA__NA__NA__NA__NA__Seq_312","b3882774df6ad12ef25ee6112404071f1ea5c806","Seq_312"
"NA__NA__NA__NA__NA__NA__NA__Seq_313","c7f1605abe0a1914a6e168321d60bec834b503fd","Seq_313"
"NA__NA__NA__NA__NA__NA__NA__Seq_314","d43c722873d2a859a75a67d0c9e71b38e5685e75","Seq_314"
"NA__NA__NA__NA__NA__NA__NA__Seq_315","be095569cbe5fe5faee88d4612530da081f8b198","Seq_315"
"NA__NA__NA__NA__NA__NA__NA__Seq_316","a10c8f99362cc757e6cc7d38a0a353dfd39aae71","Seq_316"
"Metazoa__NA__NA__NA__NA__NA__NA__Seq_317","6a201abd1d3ac2a687b67be26aa88d80872ed628","Seq_317"
"NA__NA__NA__NA__NA__NA__NA__Seq_318","0ac2e814a8ca473e24a9d20a4a2a8caf24b9cc25","Seq_318"
"NA__NA__NA__NA__NA__NA__NA__Seq_319","8399a44ac9eddd3a5e70f87c08014d7e00b2f02a","Seq_319"
"NA__NA__NA__NA__NA__NA__NA__Seq_320","572d0ebd3c85cad6ac4c8c13468d267182e42a2c","Seq_320"
"Metazoa__NA__NA__NA__NA__NA__NA__Seq_321","6162577dad77b615bca5543992542e30cecfbe59","Seq_321"
"NA__NA__NA__NA__NA__NA__NA__Seq_322","697a6fed459e4a4aee637d8c9ddf92c39ce05b18","Seq_322"
"NA__NA__NA__NA__NA__NA__NA__Seq_323","ea77ddbe0a9b7a2302e026a6b1bb9b3a1e1bca03","Seq_323"
"NA__NA__NA__NA__NA__NA__NA__Seq_324","6dff85d91482fbf8527b7ade1551039d3a74fd6f","Seq_324"
"NA__NA__NA__NA__NA__NA__NA__Seq_325","f74cf42a45c5bf302e7b2233452e0cca0a14cbba","Seq_325"
"NA__NA__NA__NA__NA__NA__NA__Seq_326","8fbf5e09300b9c85ad0a28da7e89b751353c3513","Seq_326"
"NA__NA__NA__NA__NA__NA__NA__Seq_327","06c60b1f069f69d99604c1c84c59cd704358e6b7","Seq_327"
"Metazoa__Chordata__Mammalia__Primates__Hominidae__Homo__Homo sapiens__Seq_328","bef923c4fc85efb095fe423affaf30d69a3126d9","Seq_328"
"NA__NA__NA__NA__NA__NA__NA__Seq_329","c69d4b6e00748ca8f70e3d68ee8ae36f3e6250bf","Seq_329"
"NA__NA__NA__NA__NA__NA__NA__Seq_330","3c97928eff0a4d7bd62a678deb3d7a13f57a032d","Seq_330"
"NA__NA__NA__NA__NA__NA__NA__Seq_331","a682f23c87912208d1970645e2e32c389b6138ab","Seq_331"
"NA__NA__NA__NA__NA__NA__NA__Seq_332","2b20ae06e9f8098abfe97ee2e6f69384eb284363","Seq_332"
"NA__NA__NA__NA__NA__NA__NA__Seq_333","010e220e41a1acbc4224ffc74af1ad24e809261a","Seq_333"
"NA__NA__NA__NA__NA__NA__NA__Seq_334","46cc5af99b1146646945aea2db43863b7264732e","Seq_334"
"NA__NA__NA__NA__NA__NA__NA__Seq_335","62267015403ac12fbbb8ddffdbd68235216afe9e","Seq_335"
"NA__NA__NA__NA__NA__NA__NA__Seq_336","56be5c527d6f465bc7ccd308c1f379bf34c04a9e","Seq_336"
"NA__NA__NA__NA__NA__NA__NA__Seq_337","ac1a7bb89933a04fc38c54426c16bae594667a93","Seq_337"
"NA__NA__NA__NA__NA__NA__NA__Seq_338","6f59d575eb8996f930b1622a5dc11b3f8734ccf5","Seq_338"
"NA__NA__NA__NA__NA__NA__NA__Seq_339","6238b8bebf9135640e8394884f52e8245a221344","Seq_339"
"Metazoa__NA__NA__NA__NA__NA__NA__Seq_340","5b9709ef11f333dd40b1d8c9641074a1309aff2e","Seq_340"
"NA__NA__NA__NA__NA__NA__NA__Seq_341","28ef1d29869af79238afa22ec2c96a23a12564a6","Seq_341"
"NA__NA__NA__NA__NA__NA__NA__Seq_342","a9bbc2754d0c4f6ee91b3d4b2aa3482f6b22fddc","Seq_342"
"NA__NA__NA__NA__NA__NA__NA__Seq_343","293dcaf88c39e71c48c3e097f896e80cd45f0f61","Seq_343"
"NA__NA__NA__NA__NA__NA__NA__Seq_344","24f6f1dc61a889cb87fe5d4cade918f725d838fd","Seq_344"
"NA__NA__NA__NA__NA__NA__NA__Seq_345","36b5ccbec7fb1e906dd31d31be6bd2c5c67b8f0f","Seq_345"
"NA__NA__NA__NA__NA__NA__NA__Seq_346","7def7d888973785b2a1eee3990e97f86621a4bf1","Seq_346"
"NA__NA__NA__NA__NA__NA__NA__Seq_347","8f4525b2a21ba3f1aa93e4617bd3c0bae6478589","Seq_347"
"NA__NA__NA__NA__NA__NA__NA__Seq_348","c1ea8b13559932353321cd0578996d3c479fa196","Seq_348"
"NA__NA__NA__NA__NA__NA__NA__Seq_349","ca45089da9b2847c702c8efb14fe9546c21b8967","Seq_349"
"NA__NA__NA__NA__NA__NA__NA__Seq_350","c0a7af99257f649a29cca3f2cb1faf58025dc2c2","Seq_350"
"NA__NA__NA__NA__NA__NA__NA__Seq_351","0b18128dd805329b26ff9c5a031c298fa98f3078","Seq_351"
"NA__NA__NA__NA__NA__NA__NA__Seq_352","ea37abb604a046fb7fdaf9585dbc71d1f4fe52cd","Seq_352"
"NA__NA__NA__NA__NA__NA__NA__Seq_353","9f48747ab319acbb8929ca3b5ffc5fb7ef885c15","Seq_353"
"NA__NA__NA__NA__NA__NA__NA__Seq_354","489ee775dbbcc2967326ac67892522bc13fbe0c5","Seq_354"
"NA__NA__NA__NA__NA__NA__NA__Seq_355","55269164a51015252055f6361950b22e4c0282e9","Seq_355"
"NA__NA__NA__NA__NA__NA__NA__Seq_356","a2cb297ef81824292fb6332c1f7aaaec159b425a","Seq_356"
"NA__NA__NA__NA__NA__NA__NA__Seq_357","6a820536f7d5d07e54020c8f5da0f894f31e9505","Seq_357"
"NA__NA__NA__NA__NA__NA__NA__Seq_358","b03c63ec53601827cbd99528e8c0aa9ce9b40cb3","Seq_358"
"NA__NA__NA__NA__NA__NA__NA__Seq_359","5fed8fcb51ebf40c378f5ace2f2b5aa842eafde4","Seq_359"
"NA__NA__NA__NA__NA__NA__NA__Seq_360","2ea876d1911e411ca692671c6c865b33a0c9f6fe","Seq_360"
"NA__NA__NA__NA__NA__NA__NA__Seq_361","50b582fb3c81d06c05b0d6b4f2d2f387b9438f16","Seq_361"
"NA__NA__NA__NA__NA__NA__NA__Seq_362","53523197e93ca0537d2ca9195ebdaccc0b1cbf4e","Seq_362"
"NA__NA__NA__NA__NA__NA__NA__Seq_363","b40a19ba595df13eb3131dbd94d7e039345a6551","Seq_363"
"NA__NA__NA__NA__NA__NA__NA__Seq_364","b002780db0f537105617e0aa62cd1cd0c842e36c","Seq_364"
"NA__NA__NA__NA__NA__NA__NA__Seq_365","051a97cd34abdd093a291123dd7837ef89a82deb","Seq_365"
"NA__NA__NA__NA__NA__NA__NA__Seq_366","f93c7a2e557744f06809bd3567e54161bf9f1a64","Seq_366"
"NA__NA__NA__NA__NA__NA__NA__Seq_367","7dd620ac1c273b27242989fab450c60559974492","Seq_367"
"NA__NA__NA__NA__NA__NA__NA__Seq_368","3ddbdaaa1623df2eaeb269b035d71201c3336960","Seq_368"
"NA__NA__NA__NA__NA__NA__NA__Seq_369","93b1da5985af58e0c772946769e9bbc20c405790","Seq_369"
"NA__NA__NA__NA__NA__NA__NA__Seq_370","88c6d00fe602f0a0f9843f32f8c30304d7797fdd","Seq_370"
"NA__NA__NA__NA__NA__NA__NA__Seq_371","5b6caeb888f690d3223af08d03fcc9785def9d0e","Seq_371"
"NA__NA__NA__NA__NA__NA__NA__Seq_372","665426726ac0b33238cfa2d9b87b0219bf918375","Seq_372"
"NA__NA__NA__NA__NA__NA__NA__Seq_373","cdfd7119912c7ae28242bfc9897884cb5b5b64f7","Seq_373"
"NA__NA__NA__NA__NA__NA__NA__Seq_374","efbe69815e005310bcfe286b6dece0521bfbbd30","Seq_374"
"NA__NA__NA__NA__NA__NA__NA__Seq_375","794685b580bffde5d7692952780332ab265ff997","Seq_375"
"NA__NA__NA__NA__NA__NA__NA__Seq_376","db70ad3c1f136ee826d5e3a7178d408ddc7733e0","Seq_376"
"NA__NA__NA__NA__NA__NA__NA__Seq_377","d9da38f587997fe85493068b473097c20d1f310e","Seq_377"
"NA__NA__NA__NA__NA__NA__NA__Seq_378","010b39304ccaca538516f167e6da8a0e518dcaeb","Seq_378"
"NA__NA__NA__NA__NA__NA__NA__Seq_379","92227abdb3fbe55b14dbbf87033bd99496421cb7","Seq_379"
"NA__NA__NA__NA__NA__NA__NA__Seq_380","e0f1450b13837447803a6e6433b3305b31f4d7aa","Seq_380"
"NA__NA__NA__NA__NA__NA__NA__Seq_381","77f133d0edea0e8f89af2f5489243ec44ba84c62","Seq_381"
"NA__NA__NA__NA__NA__NA__NA__Seq_382","5bbba486156b108b03f980af8fdcd3cfd7ef1431","Seq_382"
"NA__NA__NA__NA__NA__NA__NA__Seq_383","7dd1ce9c3d77e8e6a2ac410eb5071b8e36790338","Seq_383"
"NA__NA__NA__NA__NA__NA__NA__Seq_384","bc00c751b53a883d55004d3a0df9ce27ad9a0806","Seq_384"
"NA__NA__NA__NA__NA__NA__NA__Seq_385","4aafd172c78670273ec8ff84b2f6fe81c27467c8","Seq_385"
"NA__NA__NA__NA__NA__NA__NA__Seq_386","073d7a2e515d0925c9555303c3f482770b1eed5d","Seq_386"
"NA__NA__NA__NA__NA__NA__NA__Seq_387","b53e6110317ef14d7b11ee58cc96a338873156c1","Seq_387"
"NA__NA__NA__NA__NA__NA__NA__Seq_388","868553b8902bcf20e5ab727ce8f8a8203338cdaa","Seq_388"
"NA__NA__NA__NA__NA__NA__NA__Seq_389","3c2e8fdd072fbaad56bad475ddfb44b218af2643","Seq_389"
"NA__NA__NA__NA__NA__NA__NA__Seq_390","8e0a359d808d5e94dfd84f738b8858586d3fa42f","Seq_390"
"NA__NA__NA__NA__NA__NA__NA__Seq_391","a7b6651c0f94909249531ce899dba4c6348320f8","Seq_391"
"NA__NA__NA__NA__NA__NA__NA__Seq_392","0c5a5846f22d6c63d9fb05ac4a45a7d777543b40","Seq_392"
"NA__NA__NA__NA__NA__NA__NA__Seq_393","b17a82fa0db8cd35831fdb570333dcaac1b0bd3e","Seq_393"
"NA__NA__NA__NA__NA__NA__NA__Seq_394","0e6e9147e5fc95da012a122918f6177af3eef56e","Seq_394"
"NA__NA__NA__NA__NA__NA__NA__Seq_395","2a25de4939e0893ab89453163cd5b011ab7c1ed5","Seq_395"
"NA__NA__NA__NA__NA__NA__NA__Seq_396","7d5f1dfe0bd795894771170a8b599dc27de8af3e","Seq_396"
"NA__NA__NA__NA__NA__NA__NA__Seq_397","8d31ad6eef9a186c5d16b4d2bbdf4c225cdda3c3","Seq_397"
"NA__NA__NA__NA__NA__NA__NA__Seq_398","72b492bc0b7c54a3bd9c46925084864f31972765","Seq_398"
"NA__NA__NA__NA__NA__NA__NA__Seq_399","a126310740073c454c81dd36478f102de82b6598","Seq_399"
"NA__NA__NA__NA__NA__NA__NA__Seq_400","c332a37103136a918156db7796281921b193fc6a","Seq_400"
"NA__NA__NA__NA__NA__NA__NA__Seq_401","fa85d823b6025b56af1e15f686e1498fde4f1eae","Seq_401"
"NA__NA__NA__NA__NA__NA__NA__Seq_402","030973a74757014d31cbdb47192437976e4a037d","Seq_402"
"NA__NA__NA__NA__NA__NA__NA__Seq_403","d14af5dcc9e0f7eac14d7c8290b7ecd61ec8243a","Seq_403"
"NA__NA__NA__NA__NA__NA__NA__Seq_404","edf4dff7acf95a6599369ecd815cc37f913199fa","Seq_404"
"NA__NA__NA__NA__NA__NA__NA__Seq_405","ca03f5e7545ead04c47d92442f1e34d399f59791","Seq_405"
"NA__NA__NA__NA__NA__NA__NA__Seq_406","ae7986ecdd47969387148d32c4794331491a90d9","Seq_406"
"NA__NA__NA__NA__NA__NA__NA__Seq_407","e7527961d2dabb992e0d8ffb66678d8e5543c5c4","Seq_407"
"NA__NA__NA__NA__NA__NA__NA__Seq_408","fbfa01a2755eebbd5f289bbd9282881c565c23e2","Seq_408"
"NA__NA__NA__NA__NA__NA__NA__Seq_409","e9c961bd25f097a8422a112070d5fbb3a9d4a07c","Seq_409"
"Metazoa__Chordata__Actinopteri__Salmoniformes__Salmonidae__NA__NA__Seq_410","23bf5f5d24f589cba120a8635ee13e9817d90a52","Seq_410"
"Metazoa__Chordata__Aves__Galliformes__Phasianidae__NA__NA__Seq_411","da86e55cb2b03c4f47a877c184e63d907a48bc4e","Seq_411"
"NA__NA__NA__NA__NA__NA__NA__Seq_412","b683f86fedb5f47d6199e237a82cc531ec0fc70f","Seq_412"
"Metazoa__Chordata__Mammalia__Primates__Hominidae__Homo__Homo sapiens__Seq_413","9cddc5a579c9034e01050606637ed2d0a4f6bd81","Seq_413"
"Metazoa__Chordata__Mammalia__Primates__Hominidae__Homo__Homo sapiens__Seq_414","76fb433462584bf34f270d08f0203cad1a3c0bee","Seq_414"
"Metazoa__Chordata__Mammalia__Carnivora__Canidae__Canis__NA__Seq_415","d49556be511b453fb857fbf5546900276c8c80b7","Seq_415"
"Metazoa__Chordata__Aves__Galliformes__Phasianidae__NA__NA__Seq_416","bb1cc3902b7d9e1b902a44ba619d14a2c6f909b6","Seq_416"
"Metazoa__Chordata__Aves__Anseriformes__Anatidae__NA__NA__Seq_417","20a9c4751ed251e3c0f35a775d46c080075382d8","Seq_417"
"NA__NA__NA__NA__NA__NA__NA__Seq_418","f68de7aacaa2dbf3a51188690f9a5045c9130037","Seq_418"
"Metazoa__Chordata__Mammalia__Didelphimorphia__Didelphidae__NA__NA__Seq_419","d8804f535ddcada3535b64a5ba8867826148fd6a","Seq_419"
"NA__NA__NA__NA__NA__NA__NA__Seq_420","44603057c9b53d9229956f55f5226bf9fe7bebea","Seq_420"
"NA__NA__NA__NA__NA__NA__NA__Seq_421","31fd1a3b5526286ed2ad31d3e45da4ffa7b1885f","Seq_421"
"NA__NA__NA__NA__NA__NA__NA__Seq_422","d3ee0d623cd04348cb59ab2bc6a772c0674ea7d9","Seq_422"
"NA__NA__NA__NA__NA__NA__NA__Seq_423","2db8a584c5aacd09bc3d93cdadad97e6c575af7e","Seq_423"
"NA__NA__NA__NA__NA__NA__NA__Seq_424","6f9bd2a44dd1b510765b00d9956a72f2bccfe9dc","Seq_424"
"NA__NA__NA__NA__NA__NA__NA__Seq_425","f5a1cc70ca2d427a7ca43bad1c14e388c8cb4baa","Seq_425"
"NA__NA__NA__NA__NA__NA__NA__Seq_426","5b81e5ec700b328c9b9178c0d31ed60e6e33699d","Seq_426"
"NA__NA__NA__NA__NA__NA__NA__Seq_427","d0c39f3b21f77692ab2977013e97f59f9ce6b180","Seq_427"
"NA__NA__NA__NA__NA__NA__NA__Seq_428","46ec466d2dda8c125fa19f8dac6248065d692a6f","Seq_428"
"NA__NA__NA__NA__NA__NA__NA__Seq_429","c762d0baba042327e8c34e8c4c357b48af3e7d47","Seq_429"
"NA__NA__NA__NA__NA__NA__NA__Seq_430","d0f1c64cda1899a682d5b293e8ec953fe2090458","Seq_430"
"NA__NA__NA__NA__NA__NA__NA__Seq_431","750e39ecb69a09e665c4d463ff9ec6be2317d31b","Seq_431"
"NA__NA__NA__NA__NA__NA__NA__Seq_432","f66a558e7ed84c2a13d5417485c807131edf715c","Seq_432"
"NA__NA__NA__NA__NA__NA__NA__Seq_433","5b735a340364b30141ca91d3ad8ba8543d68a1c9","Seq_433"
"NA__NA__NA__NA__NA__NA__NA__Seq_434","854269fd01df5f9a50a0097f5f1bc9483e142a7c","Seq_434"
"Metazoa__Chordata__Mammalia__Carnivora__Canidae__Canis__Canis lupus__Seq_435","eccfd48eb4674a8cfcb69e95f0a2b4abc5a80ea8","Seq_435"
"NA__NA__NA__NA__NA__NA__NA__Seq_436","f97301b29e339910bf632cf3fab2755f493eac31","Seq_436"
"NA__NA__NA__NA__NA__NA__NA__Seq_437","1ba550480f72a067a9ae8a45af405ce027da7f1a","Seq_437"
"NA__NA__NA__NA__NA__NA__NA__Seq_438","600f8d01e38d6e657c5a610597899e2aab89db09","Seq_438"
"NA__NA__NA__NA__NA__NA__NA__Seq_439","5cc218dc3b99d10509d050e8992cc8b08c4a599e","Seq_439"
"NA__NA__NA__NA__NA__NA__NA__Seq_440","1f4da29e5e54b6e2fb8a85ba6f6098219524cc9a","Seq_440"
"Metazoa__Chordata__Mammalia__Carnivora__Canidae__Canis__Canis lupus__Seq_441","3aae89a287ae59f1da0a1f04f508f67939fd260e","Seq_441"
"NA__NA__NA__NA__NA__NA__NA__Seq_442","99aec683ed9e8d77e4785cdfa1a4f202370958d8","Seq_442"
"NA__NA__NA__NA__NA__NA__NA__Seq_443","8686d74259ac59c8dc4acf78f8161693e4aac098","Seq_443"
"NA__NA__NA__NA__NA__NA__NA__Seq_444","ead129e45ba1c8455503c076b3770eb165246b19","Seq_444"
"NA__NA__NA__NA__NA__NA__NA__Seq_445","9b49c94f4fc5a9a7e7d22c638f00e475bf9635fb","Seq_445"
"Metazoa__Chordata__Mammalia__Primates__Hominidae__Homo__Homo sapiens__Seq_446","b70ad915990944a2669a739bb1397e4a24c649a6","Seq_446"
"NA__NA__NA__NA__NA__NA__NA__Seq_447","b63722362bdbfead7c48bae589bf26f2e9b8d98f","Seq_447"
"NA__NA__NA__NA__NA__NA__NA__Seq_448","6840e87846315a9b2c2f536c5605ee8b3e279d4f","Seq_448"
"Metazoa__Chordata__Mammalia__Carnivora__Canidae__Canis__Canis lupus__Seq_449","060442c1fbcebb79143b4619d259670500a0595e","Seq_449"
"NA__NA__NA__NA__NA__NA__NA__Seq_450","d13af76c05a9e98b69417aa97565c4e9aa3189a5","Seq_450"
"NA__NA__NA__NA__NA__NA__NA__Seq_451","fcbe4bf66aebb71aa01be5f82e6ecf22bf150ea4","Seq_451"
"Metazoa__Chordata__Actinopteri__Salmoniformes__Salmonidae__NA__NA__Seq_452","95fa35b40c171982e0e8759925ba962777f5b51c","Seq_452"
"NA__NA__NA__NA__NA__NA__NA__Seq_453","3733d48e6b4f609059141a3ae2744bb4dcb07397","Seq_453"
"NA__NA__NA__NA__NA__NA__NA__Seq_454","87b22f5d3d27e5534dc4c250dbed18142165b8b1","Seq_454"
"NA__NA__NA__NA__NA__NA__NA__Seq_455","303c73558abb0cd5a35ed47db773863adf1c7f85","Seq_455"
"NA__NA__NA__NA__NA__NA__NA__Seq_456","8a5b9a93139cf6aa8c7b761241d87714e39bf17c","Seq_456"
"NA__NA__NA__NA__NA__NA__NA__Seq_457","aa1e563cede039196d1f1d43b4a732a4a68cbbfb","Seq_457"
"NA__NA__NA__NA__NA__NA__NA__Seq_458","017132d267425020676e1338bde94af61641a596","Seq_458"
"NA__NA__NA__NA__NA__NA__NA__Seq_459","8d0ec7f3e912e58ce1d8e516d0462aaf32576058","Seq_459"
"NA__NA__NA__NA__NA__NA__NA__Seq_460","80425e8c21fc9858e4f9990aec90bbbde0bdf82f","Seq_460"
"NA__NA__NA__NA__NA__NA__NA__Seq_461","332b3ac1e757452d035e84c1d4324dbece37a133","Seq_461"
"NA__NA__NA__NA__NA__NA__NA__Seq_462","526f7201d5e3bba4e8f49177ba02e9f50801f4e0","Seq_462"
"NA__NA__NA__NA__NA__NA__NA__Seq_463","209fe8c33d3a5ece82158a45590acd593f64081f","Seq_463"
"NA__NA__NA__NA__NA__NA__NA__Seq_464","3418cdab817420019ce96a6d093654857abfb5a2","Seq_464"
"NA__NA__NA__NA__NA__NA__NA__Seq_465","c18cd680657bf81b72687e624d6b51fc1c36855a","Seq_465"
"NA__NA__NA__NA__NA__NA__NA__Seq_466","eea4aafde84c8beed6328500224d69aa91756812","Seq_466"
"NA__NA__NA__NA__NA__NA__NA__Seq_467","f783d9707c046610f9a92037e623c560cb282d32","Seq_467"
"NA__NA__NA__NA__NA__NA__NA__Seq_468","a663a09bf544bebe1128b0fa6ef99c9c724dc0b2","Seq_468"
"NA__NA__NA__NA__NA__NA__NA__Seq_469","eabec8044fe5bc83c2d094478d135ec36b521df7","Seq_469"
"NA__NA__NA__NA__NA__NA__NA__Seq_470","e65c69a19378c2cea3700a6336832662fc6b0d16","Seq_470"
"NA__NA__NA__NA__NA__NA__NA__Seq_471","66777debe367279f546b9b79202f233100305691","Seq_471"
"Metazoa__Chordata__Actinopteri__Perciformes__Gasterosteidae__Gasterosteus__NA__Seq_472","091608e9343c9f2c79ff64e3fcfbcdfbce8653bc","Seq_472"
"Metazoa__Chordata__Mammalia__Eulipotyphla__Soricidae__NA__NA__Seq_473","acb132e82e2ef43f8eac6c7e5dd85c551168b718","Seq_473"
"Metazoa__Chordata__Mammalia__NA__NA__NA__NA__Seq_474","ebfdc0a153d719a21b03b26c5b220ea447328d42","Seq_474"
"Metazoa__Chordata__Actinopteri__NA__NA__NA__NA__Seq_475","25e8531396b00cb9cdd8c87db81331ec1a0ee28e","Seq_475"
"NA__NA__NA__NA__NA__NA__NA__Seq_476","dc4eb804dfbe72c55e6b94aacd8640b6cec25907","Seq_476"
"Metazoa__Chordata__Mammalia__Rodentia__NA__NA__NA__Seq_477","08c79b0be594a12b12743136f1fcdcbaa5d91d9b","Seq_477"
"Metazoa__Chordata__Mammalia__Primates__Hominidae__Homo__Homo sapiens__Seq_478","142fbe996e9fd558b17f5cc669917e1ccce4ceed","Seq_478"
"Metazoa__Chordata__Mammalia__Rodentia__NA__NA__NA__Seq_479","b6b31c935db698ed479cf15f6f3b52cbe2ce4b32","Seq_479"
"NA__NA__NA__NA__NA__NA__NA__Seq_480","82e6cda423a5aa7769bd3584232468ba0a8416ae","Seq_480"
"NA__NA__NA__NA__NA__NA__NA__Seq_481","74c76466697a52e9739cb0a09c47a7d79adf2130","Seq_481"
"NA__NA__NA__NA__NA__NA__NA__Seq_482","00a9ccf02d3f02132dbd1245d540801fe8bcf946","Seq_482"
"Metazoa__Chordata__Aves__Anseriformes__Anatidae__NA__NA__Seq_483","66ff6e74c54628fba8015937470ec9d9184eced9","Seq_483"
"NA__NA__NA__NA__NA__NA__NA__Seq_484","bd7c0af9bf064ead82e00886c0903d3b2b52b291","Seq_484"
"NA__NA__NA__NA__NA__NA__NA__Seq_485","6170bb5e9c409178d55efe26ad71ca5af044bb9d","Seq_485"
"NA__NA__NA__NA__NA__NA__NA__Seq_486","17e8cfae66cb95958c9370f4eb0ac7ecbc651657","Seq_486"
"NA__NA__NA__NA__NA__NA__NA__Seq_487","78a98167f2df8ff291480ffac66127777f6bbb05","Seq_487"
"NA__NA__NA__NA__NA__NA__NA__Seq_488","7d54c8ab2d2ff955ae4b5de37dbbf51d278550cf","Seq_488"
"NA__NA__NA__NA__NA__NA__NA__Seq_489","a67021549b1ede2f38fede041f2a616e43f0b118","Seq_489"
"NA__NA__NA__NA__NA__NA__NA__Seq_490","314ab7b411d188ada6779a9f1a1c373de8c67560","Seq_490"
"Metazoa__Chordata__Actinopteri__Siluriformes__Ictaluridae__Ameiurus__Ameiurus nebulosus__Seq_491","d15e926efd8720231adb32a8b4e6e40608827676","Seq_491"
"Metazoa__Chordata__Actinopteri__Cypriniformes__Leuciscidae__NA__NA__Seq_492","4b6b740f9b6d0ae003c5b1ee2bb36f4a9766dd3b","Seq_492"
"Metazoa__Chordata__Mammalia__Eulipotyphla__Talpidae__Neurotrichus__Neurotrichus gibbsii__Seq_493","f3d5863f9d49fc73652ae616bd0a22b9ab62d094","Seq_493"
"Metazoa__NA__NA__NA__NA__NA__NA__Seq_494","37c2390b3ed79e0f3e825a98dc39359df5fb5405","Seq_494"
"Metazoa__Chordata__Mammalia__Eulipotyphla__Soricidae__NA__NA__Seq_495","9a33de19684dd94fef15cc285fa6e9a6a7284e64","Seq_495"
"Metazoa__Chordata__Mammalia__Eulipotyphla__Soricidae__NA__NA__Seq_496","07122a09e420f0d98cd3019bb7a8f3da9909e375","Seq_496"
"Metazoa__NA__NA__NA__NA__NA__NA__Seq_497","52b243aa0f20605f285bc1dc5738230e4ac2d4f0","Seq_497"
"Metazoa__Chordata__Mammalia__Primates__Hominidae__Homo__Homo sapiens__Seq_498","ce7a47764ee679769ad968f12d87892e49866aa5","Seq_498"
"Metazoa__Chordata__Mammalia__Rodentia__Cricetidae__NA__NA__Seq_499","4c562c7a275414a00788a05c97abe672981ffcea","Seq_499"
"Metazoa__Chordata__Mammalia__Artiodactyla__Bovidae__Capra__NA__Seq_500","92876da839807a61cbaf549c3872b8faa2b2c36d","Seq_500"
"Metazoa__Chordata__Mammalia__Carnivora__Canidae__Canis__NA__Seq_501","f060b985df3f68de5ff50592b7bfe9d03deb99d4","Seq_501"
"Metazoa__Chordata__Aves__Galliformes__Phasianidae__Meleagris__Meleagris gallopavo__Seq_502","1eacd6b8e7ccfd00e53e98c9ff9ecee454f0f29f","Seq_502"
"NA__NA__NA__NA__NA__NA__NA__Seq_503","455d2c78220701814f80e2dbf2f522e7a36b7b2c","Seq_503"
"Metazoa__Chordata__Mammalia__Eulipotyphla__Talpidae__Scapanus__Scapanus orarius__Seq_504","5d6a5f2116231e5e92600d866977dda093cd30bc","Seq_504"
"Metazoa__Chordata__Mammalia__Didelphimorphia__Didelphidae__NA__NA__Seq_505","26c83621552ce0bff8db551c5129d9eccf7d9a50","Seq_505"
"NA__NA__NA__NA__NA__NA__NA__Seq_506","9c9444dc67cdcbca7d5f3a57b9afbf6293ab50bd","Seq_506"
"NA__NA__NA__NA__NA__NA__NA__Seq_507","1d43300d213b74d5148b3cb82fcaa77c2ec6efbd","Seq_507"
"Metazoa__NA__NA__NA__NA__NA__NA__Seq_508","7cd5a278e844eb42676b58410c7bb263e7e6fbad","Seq_508"
"NA__NA__NA__NA__NA__NA__NA__Seq_509","2a6fde5ea73f28bf5173ee5ef901d984076d3e93","Seq_509"
"NA__NA__NA__NA__NA__NA__NA__Seq_510","c0252232c91ed490c0e0c26790fbabc2ea4d756d","Seq_510"
"NA__NA__NA__NA__NA__NA__NA__Seq_511","6d466e7c2b4fa6e497c35a02b2c315bd7c894d91","Seq_511"
"NA__NA__NA__NA__NA__NA__NA__Seq_512","1fc78eaf0dd1aaea93420e55a759b92883e3a015","Seq_512"
"Metazoa__NA__NA__NA__NA__NA__NA__Seq_513","5a7e5ebe5d3d6d76de3044040dccd1ab3d048894","Seq_513"
"Metazoa__Chordata__Aves__Passeriformes__Thraupidae__Piranga__Piranga ludoviciana__Seq_514","215a1f59dbebd89ecaf8223653610b041c1e6baa","Seq_514"
"Metazoa__NA__NA__NA__NA__NA__NA__Seq_515","a48239a814ca2f97d04e6d8f3da83a28fb959072","Seq_515"
"Metazoa__NA__NA__NA__NA__NA__NA__Seq_516","ee10a57b8e892ee72bf167c0efd0a15ec40cd488","Seq_516"
"Metazoa__Chordata__Mammalia__Rodentia__Sciuridae__Tamias__NA__Seq_517","a426780e439ff6e04e7c60b1ea9ca40b2376c047","Seq_517"
"Metazoa__NA__NA__NA__NA__NA__NA__Seq_518","7c23ac26c1c5e06f1ae20ecb5e63f9fa4fb68550","Seq_518"
"Metazoa__Chordata__Aves__Passeriformes__Fringillidae__Pheucticus__Pheucticus melanocephalus__Seq_519","f3b74c85c0bdd0beba57a87b50994f3a01ddd199","Seq_519"
"Metazoa__Chordata__Mammalia__NA__NA__NA__NA__Seq_520","1a5899b9fd810230a7596995a978358f42979a45","Seq_520"
"Metazoa__Chordata__NA__NA__NA__NA__NA__Seq_521","9271b268bbf39ef6d05c851c02b0470a717e7ed7","Seq_521"
"Metazoa__Chordata__Aves__Passeriformes__Paridae__NA__NA__Seq_522","2435eb1079be3ac735d5301e934ec881cf409ceb","Seq_522"
"NA__NA__NA__NA__NA__NA__NA__Seq_523","ead842a1bf394f76d39bfaa4182b6bcf05f00c68","Seq_523"
"Metazoa__Chordata__Mammalia__Primates__Hominidae__NA__NA__Seq_524","a0b136cf0c8acdc9ea6ef33ad743d03140bbd58f","Seq_524"
"Metazoa__Chordata__Aves__Passeriformes__NA__NA__NA__Seq_525","418d5ed20b679f800b258f567825c92d012bc96e","Seq_525"
"NA__NA__NA__NA__NA__NA__NA__Seq_526","65c6d92ae02491c10cec5bae587156380e754d8f","Seq_526"
"Metazoa__Chordata__Aves__Passeriformes__NA__NA__NA__Seq_527","dc78ea7000749cdaa33f9199c52df6f0f90be099","Seq_527"
"Metazoa__Chordata__NA__NA__NA__NA__NA__Seq_528","5e8544bdf175461677456201e76e72b9a53fb5b8","Seq_528"
"NA__NA__NA__NA__NA__NA__NA__Seq_529","c4e72179f2d3412a08854254313e1c761ee94681","Seq_529"
"NA__NA__NA__NA__NA__NA__NA__Seq_530","9323ff98c6f25f689b17e58e7e9b4181714e3741","Seq_530"
"NA__NA__NA__NA__NA__NA__NA__Seq_531","70a65638225af894c4f3c8670806773ea85c0e51","Seq_531"
"NA__NA__NA__NA__NA__NA__NA__Seq_532","02c62c9daab3200973f517f9980e1c7fa97f1726","Seq_532"
"NA__NA__NA__NA__NA__NA__NA__Seq_533","d1d49061a2bb3ecf53808ce8787b90619b1dd5f9","Seq_533"
"NA__NA__NA__NA__NA__NA__NA__Seq_534","76b02574bc38cb0badc951e6502f3574c2dbcebc","Seq_534"
"NA__NA__NA__NA__NA__NA__NA__Seq_535","f9c64876761ef9dc92ee1ec025fe4e8c086cf766","Seq_535"
"NA__NA__NA__NA__NA__NA__NA__Seq_536","156bfb7bcd4dd186e9fde9716cfd8f54f1c8ef37","Seq_536"
"NA__NA__NA__NA__NA__NA__NA__Seq_537","c7e265cd3dd99941f692be61e1134ac208310ab0","Seq_537"
"NA__NA__NA__NA__NA__NA__NA__Seq_538","d1f1cca7c0006bdce37905aa368b9cf56447ae72","Seq_538"
"NA__NA__NA__NA__NA__NA__NA__Seq_539","a8595f92411b875aeee4943bc3ce46d3b0d8b257","Seq_539"
"NA__NA__NA__NA__NA__NA__NA__Seq_540","0c03941b60d068efc245138bd82deab59c0ef1ed","Seq_540"
"NA__NA__NA__NA__NA__NA__NA__Seq_541","336d7eba521ef6ad3c1883cfc5bfddebcad5bee6","Seq_541"
"NA__NA__NA__NA__NA__NA__NA__Seq_542","1b5204e7ea6603d1af20e00851329b2f8e06ea87","Seq_542"
"NA__NA__NA__NA__NA__NA__NA__Seq_543","e7bb5772a00a71b83b65e240bdc3a552415a3453","Seq_543"
"NA__NA__NA__NA__NA__NA__NA__Seq_544","516446c34413b9a4653dbf8cd848895311b4c4a8","Seq_544"
"NA__NA__NA__NA__NA__NA__NA__Seq_545","b1d8956fbac06871a36955aaa06177b2f0dc4fd1","Seq_545"
"NA__NA__NA__NA__NA__NA__NA__Seq_546","30ff772928ae3da2c09f031e76c3cf2c69953086","Seq_546"
"NA__NA__NA__NA__NA__NA__NA__Seq_547","0403c3485b269e1a0b33d36d9f7baf7c664618ef","Seq_547"
"NA__NA__NA__NA__NA__NA__NA__Seq_548","1ae81f531f68ddc7732666c2059a8c19800a51e5","Seq_548"
"NA__NA__NA__NA__NA__NA__NA__Seq_549","e7f648c634d60ce70647fc2cbd285efd8b826c9b","Seq_549"
"NA__NA__NA__NA__NA__NA__NA__Seq_550","c269dc01227795cd6101138ad95686f3d65456bd","Seq_550"
"NA__NA__NA__NA__NA__NA__NA__Seq_551","92bc25aa338be1924cd463d35f2668b9f17a7708","Seq_551"
"NA__NA__NA__NA__NA__NA__NA__Seq_552","0c5170dc75353493d3043a25dab7fde966804a9d","Seq_552"
"NA__NA__NA__NA__NA__NA__NA__Seq_553","2d778a51e8340575a62b52f95ce1c75de5c7387e","Seq_553"
"NA__NA__NA__NA__NA__NA__NA__Seq_554","5af1c450ee01886ca18d4298fb71f3d28e8d228c","Seq_554"
"NA__NA__NA__NA__NA__NA__NA__Seq_555","16fd618875300a0bae1bad36adeeb036ff033eb6","Seq_555"
"NA__NA__NA__NA__NA__NA__NA__Seq_556","eb73b1220a73cff971d985769fdabdbb60ba59e7","Seq_556"
"NA__NA__NA__NA__NA__NA__NA__Seq_557","379a95e5ee5af9ee2e4dd3afe6f0f08efba5a94c","Seq_557"
"NA__NA__NA__NA__NA__NA__NA__Seq_558","8ea113112142ff8ab7091439d5f6b8aa5eedd3bb","Seq_558"
"NA__NA__NA__NA__NA__NA__NA__Seq_559","5f974dde2613d3748f353fc13e1bb9faf53def47","Seq_559"
"NA__NA__NA__NA__NA__NA__NA__Seq_560","0938312741437e53b4455c2db749f403df730b20","Seq_560"
"Metazoa__Chordata__Actinopteri__Perciformes__Gasterosteidae__Gasterosteus__Gasterosteus aculeatus__Seq_561","31adf9b0bfe620438b8e730fd474cc27e61c3cc4","Seq_561"
"Metazoa__Chordata__Actinopteri__Salmoniformes__Salmonidae__NA__NA__Seq_562","c5096108c306c4feda0e54dde259d212245b2d5a","Seq_562"
"NA__NA__NA__NA__NA__NA__NA__Seq_563","4702e118146d7c95bcdd40a03886c3ce480a0232","Seq_563"
"NA__NA__NA__NA__NA__NA__NA__Seq_564","e235fd902ad19821aaa56f1e66929216ca842662","Seq_564"
"NA__NA__NA__NA__NA__NA__NA__Seq_565","1553e093118bdc22bdbfed5138b635e4c772dc57","Seq_565"
"NA__NA__NA__NA__NA__NA__NA__Seq_566","479f0ade8bd49211e3759ae5fa5effdb1428fe8a","Seq_566"
"NA__NA__NA__NA__NA__NA__NA__Seq_567","97e277c69f21b9949ddf8bf762e3da06b3ad7fe3","Seq_567"
"NA__NA__NA__NA__NA__NA__NA__Seq_568","5d54e8bec2095692d6c616d4f85b19932bb30d2c","Seq_568"
"NA__NA__NA__NA__NA__NA__NA__Seq_569","117310bf8e4d398ce26bbbdab42f13251b0fb60e","Seq_569"
"NA__NA__NA__NA__NA__NA__NA__Seq_570","ce89684386a80d5e54437540e6b33bbaf1e908e9","Seq_570"
"NA__NA__NA__NA__NA__NA__NA__Seq_571","f21b851db0115674ad3472f7e93c65f9ab331434","Seq_571"
"NA__NA__NA__NA__NA__NA__NA__Seq_572","ed3efcfcbb22cf37fa625e4b7df114d813a622fa","Seq_572"
"NA__NA__NA__NA__NA__NA__NA__Seq_573","45bac13533d34dfb96842ca2309583f927776ea0","Seq_573"
"Metazoa__Chordata__Actinopteri__Perciformes__Gasterosteidae__NA__NA__Seq_574","85608f4b95519563e1702090189d590590cea61b","Seq_574"
"NA__NA__NA__NA__NA__NA__NA__Seq_575","e8a16913d19fb9a3913b47efa66a20275f8324b0","Seq_575"
"NA__NA__NA__NA__NA__NA__NA__Seq_576","31ab0c5749b429f299854c2deb582124863edf28","Seq_576"
"NA__NA__NA__NA__NA__NA__NA__Seq_577","a9952d1a117629971af1ef3b169050b125cfc3b1","Seq_577"
"NA__NA__NA__NA__NA__NA__NA__Seq_578","5210fcf389fd4604a2322aae8fd6f038c09edae3","Seq_578"
"NA__NA__NA__NA__NA__NA__NA__Seq_579","d8ce50d202c1f0b0903663ce95ad5bc3617f721b","Seq_579"
"NA__NA__NA__NA__NA__NA__NA__Seq_580","1b3756b6be18706099d0b87a95439852c50d40b3","Seq_580"
"NA__NA__NA__NA__NA__NA__NA__Seq_581","098bcd43ab9a2b6de8c1883292fb4d2ef61e2706","Seq_581"
"NA__NA__NA__NA__NA__NA__NA__Seq_582","b0bb3759f4f8b429c96a9e8ba520cc5b06345615","Seq_582"
"Metazoa__Chordata__Actinopteri__Salmoniformes__Salmonidae__NA__NA__Seq_583","6d7a36800c44bc61533fdba2e215c4063ec0b60a","Seq_583"
"NA__NA__NA__NA__NA__NA__NA__Seq_584","021902868f261c447161cc69c22e9611a0020ebb","Seq_584"
"NA__NA__NA__NA__NA__NA__NA__Seq_585","8b9293ef3de55387455cdc921ca08a6d6eb7f6ad","Seq_585"
"NA__NA__NA__NA__NA__NA__NA__Seq_586","c51b4a1051a17c5dc94005790c27ea358a95865d","Seq_586"
"NA__NA__NA__NA__NA__NA__NA__Seq_587","709718c12c35625635e6bd0b6a353c2e6bc78e69","Seq_587"
"NA__NA__NA__NA__NA__NA__NA__Seq_588","deaf71e98e88cb3fabc7d9dfaf0b4ca277c3619c","Seq_588"
"NA__NA__NA__NA__NA__NA__NA__Seq_589","2f8dc49d8f664df1df6620a648095bf14f97b3c3","Seq_589"
"NA__NA__NA__NA__NA__NA__NA__Seq_590","d9e3e68f44741842aaf85cbe8a7e42fbf3b7b16d","Seq_590"
"NA__NA__NA__NA__NA__NA__NA__Seq_591","f674f89654182c2ce464f486ea189c5566d2031f","Seq_591"
"NA__NA__NA__NA__NA__NA__NA__Seq_592","dfb07f628f96af5de02715152485d4d23124bba5","Seq_592"
"NA__NA__NA__NA__NA__NA__NA__Seq_593","ffbed496aaf8755cd4a1d9eeb128e959387f2252","Seq_593"
"NA__NA__NA__NA__NA__NA__NA__Seq_594","2899c1f4b16ef99876e9325e5b6769eaab2ca0c1","Seq_594"
"NA__NA__NA__NA__NA__NA__NA__Seq_595","d05cf60b5de229bd1c43b34d0ec08e2a25acb659","Seq_595"
"NA__NA__NA__NA__NA__NA__NA__Seq_596","82031b59720a1956aa24a8d75e4c4868afd1d711","Seq_596"
"NA__NA__NA__NA__NA__NA__NA__Seq_597","d6e38fe62bc804e02d329eb0fe6adb58ac9c592d","Seq_597"
"NA__NA__NA__NA__NA__NA__NA__Seq_598","c54b6ae5202db0b372ac69eb5b112cfdd95ee64f","Seq_598"
"NA__NA__NA__NA__NA__NA__NA__Seq_599","2434bbd54cb153d0da1a9628d3d77fc2caf05962","Seq_599"
"NA__NA__NA__NA__NA__NA__NA__Seq_600","43d499b42fdfd71cef24249370ef2ce14e763b7f","Seq_600"
"NA__NA__NA__NA__NA__NA__NA__Seq_601","7ec529320b89603b74a8639bdb9a3a0c39839b5e","Seq_601"
"NA__NA__NA__NA__NA__NA__NA__Seq_602","36a17b0aadf1758d201dec0a5cc83c5817770dab","Seq_602"
"NA__NA__NA__NA__NA__NA__NA__Seq_603","ec80f99274a9bbb0d1aba09da6a6a10b6ac9a4c7","Seq_603"
"NA__NA__NA__NA__NA__NA__NA__Seq_604","87c875a69142dfc2f025b31c939b9d9ebf233f0a","Seq_604"
"NA__NA__NA__NA__NA__NA__NA__Seq_605","29ff67f3a832c5350d3601060d55dead3de8ca3f","Seq_605"
"NA__NA__NA__NA__NA__NA__NA__Seq_606","2370079e340660b6b7fcbcc5c6e06c25b38eed6c","Seq_606"
"NA__NA__NA__NA__NA__NA__NA__Seq_607","d585cf75bc9cd3d41354be219724a96be6c46549","Seq_607"
"NA__NA__NA__NA__NA__NA__NA__Seq_608","b5a8c9995844300e2720ff9b33aac4264f0877c8","Seq_608"
"NA__NA__NA__NA__NA__NA__NA__Seq_609","34b308b2bd1d29de8fd5df6059d59e2e809afa12","Seq_609"
"NA__NA__NA__NA__NA__NA__NA__Seq_610","61d003a7a39111e6014b716a490ea9c94e725ac0","Seq_610"
"NA__NA__NA__NA__NA__NA__NA__Seq_611","9e81f46358ce165fe95dae13be46b49c584160ef","Seq_611"
"NA__NA__NA__NA__NA__NA__NA__Seq_612","8ed77e181e9c4f7082dce3e19f78cfff909f7565","Seq_612"
"NA__NA__NA__NA__NA__NA__NA__Seq_613","0a8174265ac922059ac5a820ee275df21a9f541c","Seq_613"
"NA__NA__NA__NA__NA__NA__NA__Seq_614","29a3d857051ce0cd15f3686f0413400c45340a44","Seq_614"
"NA__NA__NA__NA__NA__NA__NA__Seq_615","f3287f3560930f8670ad98804cb5cc83dab8b18b","Seq_615"
"NA__NA__NA__NA__NA__NA__NA__Seq_616","0b395978c94b969450e1a60626e9874930dbf1fc","Seq_616"
"NA__NA__NA__NA__NA__NA__NA__Seq_617","ea6ed78d9deb40eb6f5abe86083382bf5c56bc20","Seq_617"
"NA__NA__NA__NA__NA__NA__NA__Seq_618","dc1cb71f4a4c0b27da3af863cc28b517e970f08f","Seq_618"
"NA__NA__NA__NA__NA__NA__NA__Seq_619","872558ca57e26a2490b171bdab1a8a8624d0878b","Seq_619"
"NA__NA__NA__NA__NA__NA__NA__Seq_620","afd879e9b1ee5d005d47d90c82e98ed2dfa147fa","Seq_620"
"NA__NA__NA__NA__NA__NA__NA__Seq_621","f8ab93258a72b2b636b77664c406ee9b6ee93148","Seq_621"
"NA__NA__NA__NA__NA__NA__NA__Seq_622","8e28948c782a3273ac849a3728c94bf4e49c37ba","Seq_622"
"NA__NA__NA__NA__NA__NA__NA__Seq_623","cd4526213ff2ed8582083e025cbfaf90371b7dba","Seq_623"
"NA__NA__NA__NA__NA__NA__NA__Seq_624","c78f54cf790ed270e84a7af9e55bdf41fcc713d4","Seq_624"
"NA__NA__NA__NA__NA__NA__NA__Seq_625","62bfd1ae5c8e57dc20ad373a0da8bf35df64f55a","Seq_625"
"Metazoa__Chordata__Aves__Passeriformes__Parulidae__NA__NA__Seq_626","5d033a6112f231fd3f8991741e0f04f193517321","Seq_626"
"Metazoa__Chordata__Mammalia__NA__NA__NA__NA__Seq_627","59309486d84462893840a85fbdc4aeff89a26639","Seq_627"
"NA__NA__NA__NA__NA__NA__NA__Seq_628","4245f375a1930ebca48901e54b6d456e6340709b","Seq_628"
"NA__NA__NA__NA__NA__NA__NA__Seq_629","f06adf98c6515bba019c5acbf8093097a29642c2","Seq_629"
"Metazoa__Chordata__Mammalia__NA__NA__NA__NA__Seq_630","e4991723a7f544f770553242fd5d674e4a33c729","Seq_630"
"Metazoa__Chordata__NA__NA__NA__NA__NA__Seq_631","af28e10e5abee11c7cf2cbc4d17f1701e0308883","Seq_631"
"Metazoa__Chordata__Mammalia__NA__NA__NA__NA__Seq_632","aae37ae8e79580afffda1b227e82c2f881f489e6","Seq_632"
"NA__NA__NA__NA__NA__NA__NA__Seq_633","bdfcd8480225116495de37e3e0525d8030b7a5c7","Seq_633"
"Metazoa__Chordata__Aves__Passeriformes__Paridae__Poecile__Poecile atricapillus__Seq_634","e747eef0a339a503193d10c42b71ef028bca3fc0","Seq_634"
"Metazoa__NA__NA__NA__NA__NA__NA__Seq_635","72a7f8663817f9ad988cb7648f85d33f98d258d7","Seq_635"
"NA__NA__NA__NA__NA__NA__NA__Seq_636","e53b64b4fbcad7bed2516eae75d2c93f7ac7eaec","Seq_636"
"NA__NA__NA__NA__NA__NA__NA__Seq_637","338ab58c5670013268c6d110aea775f44d1e16d5","Seq_637"
"NA__NA__NA__NA__NA__NA__NA__Seq_638","9526af420cb9f0667e53bd95135270e47529e6c4","Seq_638"
"NA__NA__NA__NA__NA__NA__NA__Seq_639","c4d0096190dc53bb98f355db24050078ec972c4e","Seq_639"
"NA__NA__NA__NA__NA__NA__NA__Seq_640","b0738f475c15838d8b8ae1bb5c0d216faf18f3b2","Seq_640"
"Metazoa__Chordata__Aves__Passeriformes__Corvidae__Corvus__NA__Seq_641","043add06ba0d58df5bd5e9ea9c63728b2f24ee67","Seq_641"
"NA__NA__NA__NA__NA__NA__NA__Seq_642","694e86b4032d5143254ea41be4a48418624b0506","Seq_642"
"Metazoa__NA__NA__NA__NA__NA__NA__Seq_643","7adb20f19ac776061355c059e092faae114e3535","Seq_643"
"NA__NA__NA__NA__NA__NA__NA__Seq_644","f2e8ceafaa75534f6e9f13adac2bcbc3476b115c","Seq_644"
"NA__NA__NA__NA__NA__NA__NA__Seq_645","1c286235085f091a198160757e8be790477aa984","Seq_645"
"NA__NA__NA__NA__NA__NA__NA__Seq_646","b165a7cdd571b0e0b1cafcf6f3ab335c39bd0c23","Seq_646"
"NA__NA__NA__NA__NA__NA__NA__Seq_647","966fe561c7a249b8d59508ac6cfb1f22f32b96f1","Seq_647"
"Metazoa__Chordata__Mammalia__NA__NA__NA__NA__Seq_648","60bae576e1162a8312b8a84b4831b1a1fc8236a2","Seq_648"
"NA__NA__NA__NA__NA__NA__NA__Seq_649","b616271df1b456cf396f48476011b7f2f87e9885","Seq_649"
"NA__NA__NA__NA__NA__NA__NA__Seq_650","e4fdb76e825fd91ab707f2393927a0efbda0f326","Seq_650"
"NA__NA__NA__NA__NA__NA__NA__Seq_651","773eaddaf7c2b4308f12792a94d3b096d11fa542","Seq_651"
"Metazoa__Chordata__Mammalia__Primates__NA__NA__NA__Seq_652","45c890edf81e9de77589080e0b5ff4b306291390","Seq_652"
"NA__NA__NA__NA__NA__NA__NA__Seq_653","da9e0e932325b5ff43d40e8db4fe0463b692a42e","Seq_653"
"NA__NA__NA__NA__NA__NA__NA__Seq_654","92f4b61a4da7baf51e7bdd76fc514270ba64f8a3","Seq_654"
"NA__NA__NA__NA__NA__NA__NA__Seq_655","94c0453c03812c9591ee63820676264347e67893","Seq_655"
"Metazoa__Chordata__Aves__Passeriformes__NA__NA__NA__Seq_656","432494d314a63b8174c361a5fb7aa57bcad4619e","Seq_656"
"NA__NA__NA__NA__NA__NA__NA__Seq_657","7d5da3bc62189a19083c2e6738c792d59d272fb5","Seq_657"
"NA__NA__NA__NA__NA__NA__NA__Seq_658","dc27b78273b863dc979216930bee746032dac7e5","Seq_658"
"NA__NA__NA__NA__NA__NA__NA__Seq_659","77aa602260a551ea9e692d04ddb3e2e4643c687d","Seq_659"
"NA__NA__NA__NA__NA__NA__NA__Seq_660","490d47bc0a41fd97ccf47f8213e8169c97001ae5","Seq_660"
"NA__NA__NA__NA__NA__NA__NA__Seq_661","3ed156a3e5e742b43c60612b48d5ca7546713930","Seq_661"
"NA__NA__NA__NA__NA__NA__NA__Seq_662","c08cef58ad78fd0eeaa95478edafcf980a5288ef","Seq_662"
"Metazoa__Chordata__Mammalia__Primates__NA__NA__NA__Seq_663","b6121ac847c1861a2ac06f2c262814c24e721886","Seq_663"
"NA__NA__NA__NA__NA__NA__NA__Seq_664","b308c5c369197e09668a07382908f0f1a62d9f28","Seq_664"
"NA__NA__NA__NA__NA__NA__NA__Seq_665","ca7670198b98b0cc0534c3b6a4d9deddf3d1fc32","Seq_665"
"NA__NA__NA__NA__NA__NA__NA__Seq_666","ce4b8aab6601f99b7d04b8e841c140b4ddfc3333","Seq_666"
"NA__NA__NA__NA__NA__NA__NA__Seq_667","ca2bc16206096542e5d61e9bb5f4a545ec02e375","Seq_667"
"NA__NA__NA__NA__NA__NA__NA__Seq_668","37175ac4467879a7aae08c7c466d0fcd52c1edbf","Seq_668"
"NA__NA__NA__NA__NA__NA__NA__Seq_669","cbbe4456709ed9bd1f5033d2a2017a246136ccf4","Seq_669"
"NA__NA__NA__NA__NA__NA__NA__Seq_670","fe671f1df110928cf991433404d0f49522ae23ae","Seq_670"
"NA__NA__NA__NA__NA__NA__NA__Seq_671","61c25eaaab223de831c8bff2b993b20cf0770fb6","Seq_671"
"NA__NA__NA__NA__NA__NA__NA__Seq_672","f1d787053674bdca8e2981ef3f27c104217490e5","Seq_672"
"NA__NA__NA__NA__NA__NA__NA__Seq_673","57d0b4d1d1425941ed18d5501e620ed7705b3e30","Seq_673"
"NA__NA__NA__NA__NA__NA__NA__Seq_674","7510b92ea0ee15a1d84f749358bd01cb5084ab8f","Seq_674"
"NA__NA__NA__NA__NA__NA__NA__Seq_675","c8999116d1b90d249efc11047f424306c2d81758","Seq_675"
"NA__NA__NA__NA__NA__NA__NA__Seq_676","0c6f21a9a52db6cb6374e48e503928354d88f2cd","Seq_676"
"NA__NA__NA__NA__NA__NA__NA__Seq_677","088559ed4a2b36b1663158d373a963950a452685","Seq_677"
"NA__NA__NA__NA__NA__NA__NA__Seq_678","b4623afba4b754890e55ed23e4305aac938a3282","Seq_678"
"NA__NA__NA__NA__NA__NA__NA__Seq_679","76bcc782220515e0c0c7c01b814f9632805caf21","Seq_679"
"NA__NA__NA__NA__NA__NA__NA__Seq_680","4e26d7d865bca01973d62feccd19c1eebd1b21c1","Seq_680"
"NA__NA__NA__NA__NA__NA__NA__Seq_681","55d2d73b7dd088146b79493b1243a2695ebda9f1","Seq_681"
"NA__NA__NA__NA__NA__NA__NA__Seq_682","41305e2b70d7905a18ee8822f4ec3e9d887e7791","Seq_682"
"NA__NA__NA__NA__NA__NA__NA__Seq_683","68fa86bd4f0548e4f21c725d95d5999c931d4ccd","Seq_683"
"NA__NA__NA__NA__NA__NA__NA__Seq_684","853729b2795eff416a04e4b0f22c00d303502b49","Seq_684"
"NA__NA__NA__NA__NA__NA__NA__Seq_685","2f292313b889bf400ab145d831238c69bf6e1f98","Seq_685"
"NA__NA__NA__NA__NA__NA__NA__Seq_686","4ce2aae3a881a73110fe16f0a9f3842a5911c132","Seq_686"
"NA__NA__NA__NA__NA__NA__NA__Seq_687","9a1570e6fe62f88237fcb255f27f4e7a7aad28f8","Seq_687"
"NA__NA__NA__NA__NA__NA__NA__Seq_688","8c57afed3c0a5bc72e09646c8a750de6ed72f25f","Seq_688"
"NA__NA__NA__NA__NA__NA__NA__Seq_689","4d0863fafc6e28784f98713c44044155bd0b3462","Seq_689"
"Metazoa__NA__NA__NA__NA__NA__NA__Seq_690","11523d68271fcd46f5639834aa797f90cf49cae9","Seq_690"
"Metazoa__Chordata__Aves__Passeriformes__Passerellidae__Pipilo__Pipilo maculatus__Seq_691","827f99ae61c4f9a80e1b415ff8de0c02d35659dd","Seq_691"
"Metazoa__Chordata__Aves__Passeriformes__NA__NA__NA__Seq_692","4d216f14fbc7c30c4af04ff05337d10abcb35ddd","Seq_692"
"NA__NA__NA__NA__NA__NA__NA__Seq_693","924f012315bb02fbacc44454249a49be847838a3","Seq_693"
"Metazoa__Chordata__Mammalia__Artiodactyla__Suidae__Sus__Sus scrofa__Seq_694","ed5e7e50aa64ed93aa7bb93f60e0d0ec95dd2cab","Seq_694"
"Metazoa__Chordata__Aves__NA__NA__NA__NA__Seq_695","6109f20abd12924d6213ac59a12a3d1a97c9d2a1","Seq_695"
"Metazoa__Chordata__Aves__NA__NA__NA__NA__Seq_696","718e4496abb042983be42da7ec4f981a95e3cac4","Seq_696"
"Metazoa__Chordata__Mammalia__Chiroptera__Vespertilionidae__Myotis__NA__Seq_697","85a5f94d99053a097d2442541fd2c27475b53a58","Seq_697"
"NA__NA__NA__NA__NA__NA__NA__Seq_698","95a21bb8ef794907eb5a2b0d04a3c8925797ddda","Seq_698"
"Metazoa__Chordata__Mammalia__NA__NA__NA__NA__Seq_699","f567384b2a1b55b1f1380360b42f191b4f64ebdd","Seq_699"
"NA__NA__NA__NA__NA__NA__NA__Seq_700","3e49e9c07d24693646a88eb49764795f20c5f2c0","Seq_700"
"NA__NA__NA__NA__NA__NA__NA__Seq_701","bb0f6f6a484d12ac289909b2abe0a22a278cf9c6","Seq_701"
"NA__NA__NA__NA__NA__NA__NA__Seq_702","a50983ac0939d1d210f8835648787ddefddd6753","Seq_702"
"NA__NA__NA__NA__NA__NA__NA__Seq_703","2a6bf549490103a982464451741292dba10af966","Seq_703"
"NA__NA__NA__NA__NA__NA__NA__Seq_704","e1fbbeae7c99570c49b9a55e8d1a98a555599ee2","Seq_704"
"NA__NA__NA__NA__NA__NA__NA__Seq_705","b6742612290cc52c1566e4d10e46c44d84011374","Seq_705"
"NA__NA__NA__NA__NA__NA__NA__Seq_706","73552b1cf4a917cd2c28e15ecee8e53002263441","Seq_706"
"Metazoa__Chordata__Amphibia__Caudata__Ambystomatidae__Ambystoma__NA__Seq_707","7a59b2127334171c81e4c8cbb2556e64eb90409e","Seq_707"
"NA__NA__NA__NA__NA__NA__NA__Seq_708","9475032e1f871411dcc47afc1b94e30db0fd3ec7","Seq_708"
"Metazoa__NA__NA__NA__NA__NA__NA__Seq_709","178b779a4732884e04bb73e04763a8867885f09b","Seq_709"
"NA__NA__NA__NA__NA__NA__NA__Seq_710","92939ddd8014447e12167b9e1a142728f4d58d52","Seq_710"
"NA__NA__NA__NA__NA__NA__NA__Seq_711","561b2c513795fc7c75041fcf4b5857b846e8c8c0","Seq_711"
"NA__NA__NA__NA__NA__NA__NA__Seq_712","51284ad6140b00ec17e2a689ca0e37189b320b2e","Seq_712"
"Metazoa__Chordata__Mammalia__Diprotodontia__Macropodidae__Osphranter__Osphranter rufus__Seq_713","7aa929fd12fc38856e105d3092ae8752af4b44da","Seq_713"
"Metazoa__Chordata__Mammalia__Diprotodontia__Macropodidae__Osphranter__Osphranter rufus__Seq_714","bbb3bcc890abbefe2371f7ee55542ef8cb9debc9","Seq_714"
"Metazoa__Chordata__Mammalia__Diprotodontia__NA__NA__NA__Seq_715","52832db53013282ac9d722352b64d882bb4ddf36","Seq_715"
"Metazoa__Chordata__Mammalia__Diprotodontia__Macropodidae__Osphranter__Osphranter robustus__Seq_716","3db492f4716a04f894bceb195ec2df6c0ff627ce","Seq_716"
"Metazoa__Chordata__Mammalia__Diprotodontia__NA__NA__NA__Seq_717","afb6e29d578074f7a4ffe420bed62b2babbaa2c1","Seq_717"
"Metazoa__Chordata__Mammalia__Diprotodontia__Macropodidae__Macropus__Macropus giganteus__Seq_718","cd95a9d4b4b049792bb1cf2033b33c0dc30fef5d","Seq_718"
"Metazoa__Chordata__Mammalia__Diprotodontia__Macropodidae__Macropus__Macropus fuliginosus__Seq_719","31f41238b2d21ab702054de79fed82ed77bc94f2","Seq_719"
"Metazoa__Chordata__Mammalia__Diprotodontia__Macropodidae__Macropus__Macropus giganteus__Seq_720","0931f311afd850e26fa9c9327711f8730b0c3776","Seq_720"
"Metazoa__Chordata__Mammalia__Diprotodontia__Macropodidae__Macropus__Macropus giganteus__Seq_721","6bd6f32447e324cdf909c901796e1b138c283939","Seq_721"
"Metazoa__Chordata__Mammalia__Diprotodontia__Macropodidae__Macropus__Macropus giganteus__Seq_722","09f093bfcd98bd11c8beb13cdb216b19b8a8883c","Seq_722"
"Metazoa__Chordata__Mammalia__Diprotodontia__Macropodidae__NA__NA__Seq_723","5d9ab9485d4035fa7d5f23b4a07ebf85cd1f5218","Seq_723"
"Metazoa__Chordata__Mammalia__Diprotodontia__NA__NA__NA__Seq_724","0fb936f118cdc41e570e6a88e1b64828ebdbcc0f","Seq_724"
"Metazoa__Chordata__Mammalia__Artiodactyla__Suidae__Sus__Sus scrofa__Seq_725","da83c719cc06209b92f6b2c6a335a055a2db77cf","Seq_725"
"NA__NA__NA__NA__NA__NA__NA__Seq_726","fb434d844c0eecd94ddb6cde96b0f0194c52c80a","Seq_726"
"Metazoa__Chordata__Mammalia__Rodentia__Muridae__Rattus__NA__Seq_727","34496b13bf92b81ce9cdf89c65bb2e64ca5b3852","Seq_727"
"NA__NA__NA__NA__NA__NA__NA__Seq_728","301ea9618f27db36d4d64f0ca1c48cf6194c58a8","Seq_728"
"Metazoa__Chordata__Mammalia__Primates__Hominidae__Homo__Homo sapiens__Seq_729","59935306e064ee65c30b448fd33dd315a2d06546","Seq_729"
"Metazoa__Chordata__Aves__Passeriformes__NA__NA__NA__Seq_730","733188111a756f8216f98a3dfad1f09f1aa265db","Seq_730"
"NA__NA__NA__NA__NA__NA__NA__Seq_731","a02fbdfe090f5e1d24eb754036ffbe5bdf97fc48","Seq_731"
"NA__NA__NA__NA__NA__NA__NA__Seq_732","0bdcd8ae888eae2744e8f25bcf12feaf2c09c44f","Seq_732"
"Metazoa__Chordata__Mammalia__Primates__Hominidae__Homo__Homo sapiens__Seq_733","e9641671a85dc5e33d0d65806d441032b1375e9b","Seq_733"
"NA__NA__NA__NA__NA__NA__NA__Seq_734","034bb4a8d095515c5fa3661e10d121c958bc0c44","Seq_734"
"NA__NA__NA__NA__NA__NA__NA__Seq_735","b4f70d42e4e8d94443ffb387f076fd098d87e5e2","Seq_735"
"NA__NA__NA__NA__NA__NA__NA__Seq_736","bc112dbe0b6f9a550b9bfc20d2c8f2b11b41d9d7","Seq_736"
"NA__NA__NA__NA__NA__NA__NA__Seq_737","051e7f8835ac0d42fb15b5696ad9987fdc1769e5","Seq_737"
"NA__NA__NA__NA__NA__NA__NA__Seq_738","74da04a49bb5d961b7bad0db1422a1137f2b3069","Seq_738"
"Metazoa__NA__NA__NA__NA__NA__NA__Seq_739","a61e33242a20f3bd98721edc138fd964d3f00816","Seq_739"
"Metazoa__Chordata__Mammalia__Rodentia__NA__NA__NA__Seq_740","831e18b9d7b06083528be1480197f7ad27192cea","Seq_740"
"NA__NA__NA__NA__NA__NA__NA__Seq_741","e03858578b24fafc28e8fd2f7bf2d9db56465f3e","Seq_741"
"NA__NA__NA__NA__NA__NA__NA__Seq_742","6c46c6166d63f75297f973e2eb965b05b4d8a752","Seq_742"
"NA__NA__NA__NA__NA__NA__NA__Seq_743","859da7e6e25fbadb5e13260cd8ecab8e1517598d","Seq_743"
"Metazoa__Chordata__Aves__Galliformes__Phasianidae__NA__NA__Seq_744","44d1216137dce83e101b77a76dc260d246d933ef","Seq_744"
"NA__NA__NA__NA__NA__NA__NA__Seq_745","01fe3e35d52a22da63883f4c58a760d04f7e6df9","Seq_745"
"NA__NA__NA__NA__NA__NA__NA__Seq_746","84b36b9d56dc180c011292a57b711904b43f4ec5","Seq_746"
"NA__NA__NA__NA__NA__NA__NA__Seq_747","7770fb8e8890ec91472c02cb74b557aa62c68352","Seq_747"
"NA__NA__NA__NA__NA__NA__NA__Seq_748","674022857d772bc786bc392167417306d0e22d07","Seq_748"
"NA__NA__NA__NA__NA__NA__NA__Seq_749","bfaf5e75bbff019680fd15a303c62ae3cc8c9f27","Seq_749"
"NA__NA__NA__NA__NA__NA__NA__Seq_750","f5e77b2d8a8ca49cd10b41aad5592334c7e1565a","Seq_750"
"NA__NA__NA__NA__NA__NA__NA__Seq_751","72a7225605ad9ef996dc9206326625edb1e0a300","Seq_751"
"NA__NA__NA__NA__NA__NA__NA__Seq_752","24b006e8d278f33cb7092e5ae0be7c691ba83f59","Seq_752"
"NA__NA__NA__NA__NA__NA__NA__Seq_753","847e389aaef36bad37479eb33ab6e59f054be49a","Seq_753"
"NA__NA__NA__NA__NA__NA__NA__Seq_754","ec50a1bf79d9f0bbca881b5aea51a3d134cb9f52","Seq_754"
"NA__NA__NA__NA__NA__NA__NA__Seq_755","5000d2e33bbe279dea7d47a1c81c30177d8c448d","Seq_755"
"NA__NA__NA__NA__NA__NA__NA__Seq_756","c50371dcb3c149182d99cb3aff9062a0f1d85ead","Seq_756"
"NA__NA__NA__NA__NA__NA__NA__Seq_757","dad52749372e8e9c455b4730e4282a35630ce0f8","Seq_757"
"NA__NA__NA__NA__NA__NA__NA__Seq_758","7d049133d39fdf7f0e793538fa46581ea6fc1b86","Seq_758"
"NA__NA__NA__NA__NA__NA__NA__Seq_759","2921be2a988815eb33d9eb82f5f96add9542bd95","Seq_759"
"NA__NA__NA__NA__NA__NA__NA__Seq_760","ea1b5889b6dc4c236697ff79a4ed6116c0bddca5","Seq_760"
"NA__NA__NA__NA__NA__NA__NA__Seq_761","7f2d1a817f16d59c5c5b6237dd56be93ee64b97a","Seq_761"
"NA__NA__NA__NA__NA__NA__NA__Seq_762","cf18ee4c0202e58c76febf8378534985cd0e0708","Seq_762"
"NA__NA__NA__NA__NA__NA__NA__Seq_763","de3200c9d8afdae7b4b1f1dae326bad653662b87","Seq_763"
"NA__NA__NA__NA__NA__NA__NA__Seq_764","21c5a870eb197a56180762cad740ee615f918d15","Seq_764"
"NA__NA__NA__NA__NA__NA__NA__Seq_765","a7226256515191d78ea4e3decc249e75d8367b25","Seq_765"
"NA__NA__NA__NA__NA__NA__NA__Seq_766","1344f050bb65ddfa2428754a6a7a439830a83271","Seq_766"
"NA__NA__NA__NA__NA__NA__NA__Seq_767","d9debbf96fcf37ea6a28c3a4b88bf95e44ecb0bf","Seq_767"
"NA__NA__NA__NA__NA__NA__NA__Seq_768","5947483aa0bcbddf84af8eb3b4925a1d4cb36b75","Seq_768"
"NA__NA__NA__NA__NA__NA__NA__Seq_769","73704a3df7c7c78f31e8997315e587fb3452ae8a","Seq_769"
